ponto;intact_rock_strength;weathering;discontinuity_spacing;discontinuity_persistence;discontinuity_aperture;presence_of_water
1510;5;5;3;3;5;1
1511;5;5;3;3;5;1
1512;5;5;5;4;3;1
1513;0;1;5;1;1;1
1514;0;1;5;1;1;1
1515;0;1;3;4;2;1
1516;0;1;4;4;2;1
1517;0;2;4;4;2;1
1518;0;1;4;5;3;1
1519;0;1;4;4;2;1
1520;5;5;4;3;2;1
1521;5;5;4;3;2;1
1522;5;5;4;3;2;1
1523;5;5;4;3;2;1
1524;1;1;3;2;3;1
1525;0;1;5;1;1;1
1526;0;1;5;1;1;1
1527;0;1;5;1;1;1
1528;0;1;5;1;1;1
1529;0;1;3;4;2;1
1530;0;1;4;2;2;1
1531;0;1;5;4;2;1
1532;0;1;5;1;2;1
1533;0;1;3;3;3;1
1534;0;1;5;4;2;1
1535;0;1;4;3;2;1
1536;1;2;4;3;5;1
1537;1;2;4;2;2;1
1538;1;2;5;2;1;1
1539;1;2;4;2;2;1
1540;1;2;2;1;5;1
1541;1;2;5;4;3;1
1542;1;2;5;1;2;1
1543;1;2;5;3;2;1
1544;1;2;5;3;5;1
1545;1;2;5;3;2;1
1546;1;2;3;4;5;1
1547;1;2;2;5;1;1
1548;1;2;3;3;2;1
1549;1;2;3;4;2;1
1550;1;2;5;3;1;1
1551;3;3;2;3;1;1
1552;3;3;3;3;1;1
1553;3;3;4;4;1;1
1554;3;3;3;3;1;1
1555;3;3;4;3;2;1
1556;3;3;4;1;1;1
1557;3;3;4;1;1;1
1558;3;3;4;4;3;1
1559;2;2;5;1;1;1
1560;2;2;4;2;1;1
1561;2;2;3;2;1;1
1562;2;2;2;3;1;1
1563;2;2;3;1;2;1
1564;2;2;4;3;1;1
1565;2;2;2;5;2;1
1566;0;1;3;5;4;1
1567;0;1;2;1;4;1
1568;0;1;4;3;2;1
1569;0;1;4;3;4;1
1570;0;1;4;3;2;1
1571;0;1;4;4;2;1
1572;0;1;4;3;2;1
1573;1;2;5;4;4;1
1574;1;2;4;5;2;1
1575;1;2;3;3;1;1
1576;1;2;5;4;2;1
1577;1;2;4;5;3;1
1578;0;1;5;2;1;1
1579;0;1;5;4;1;1
1580;0;1;3;3;2;1
1581;0;1;3;3;2;1
1582;0;1;3;3;2;1
1583;0;1;5;1;1;1
1584;0;1;4;3;1;1
1585;0;1;5;1;1;1
1586;0;1;5;1;2;1
1587;0;1;3;4;5;1
1588;0;1;2;2;5;1
1589;0;1;3;5;5;1
1590;0;1;3;3;2;1
1591;0;1;3;4;2;1
1592;0;1;4;4;2;1
1593;0;1;4;4;2;1
1594;0;1;4;4;2;1
1595;0;1;4;3;2;1
1596;0;1;4;3;2;1
1597;0;1;4;3;2;1
1598;0;1;4;3;2;1
1599;0;1;4;3;2;1
1600;0;1;4;3;2;1
1601;0;1;2;1;2;1
1602;0;1;2;1;3;1
1603;0;1;3;1;3;1
1604;0;1;4;3;2;1
1605;0;1;4;4;2;1
1606;0;1;2;1;3;1
1607;0;1;2;1;3;1
1608;0;1;2;1;3;1
1609;0;1;2;1;3;1
1610;0;1;4;4;2;1
1611;0;1;3;3;2;1
1612;0;1;4;4;2;1
1613;0;1;4;3;2;1
1614;0;1;4;3;2;1
1615;0;1;5;2;1;1
1616;0;1;4;3;2;1
1617;0;1;4;5;4;1
1618;0;1;4;5;4;1
1619;0;1;4;3;2;1
1620;0;1;4;4;3;1
1621;0;1;4;4;3;1
1622;2;4;2;1;2;1
1623;2;4;2;1;2;1
1624;2;4;2;3;3;1
1625;2;4;2;3;3;1
1626;2;4;2;1;3;1
1627;2;4;2;1;3;1
1628;3;4;3;1;3;1
1629;3;4;3;1;3;1
1630;3;4;3;3;1;1
1631;3;4;3;3;1;1
1632;3;4;3;1;2;1
1633;3;4;3;1;2;1
1634;2;3;1;1;3;1
1635;2;3;1;1;3;1
1636;2;3;4;1;3;1
1637;2;3;4;1;3;1
1638;2;3;1;1;1;1
1639;3;4;1;1;2;1
1640;3;4;1;1;2;1
1641;3;4;4;1;1;1
1642;1;3;2;1;5;1
1643;1;3;2;1;5;1
1644;1;3;3;1;5;1
1645;1;3;3;1;5;1
1646;1;3;4;3;5;1
1647;1;3;4;3;5;1
1648;1;3;2;1;3;1
1649;1;3;2;1;3;1
1650;1;3;3;1;5;1
1651;1;3;3;1;5;1
1652;1;3;4;3;5;1
1653;1;3;4;4;5;1
1654;5;5;2;1;5;1
1655;5;5;2;1;5;1
1656;5;5;2;1;3;1
1657;5;5;2;1;3;1
1658;5;5;1;3;3;1
1659;5;5;1;3;3;1
1660;5;5;3;1;3;1
1661;5;5;3;1;3;1
1662;5;5;2;1;3;1
1663;5;5;2;1;3;1
1664;5;5;3;3;2;1
1665;5;5;3;3;2;1
1666;2;4;3;1;3;1
1667;2;4;3;1;3;1
1670;2;4;3;1;2;1
1671;2;4;3;1;2;1
1672;2;4;4;3;3;1
1673;2;4;4;3;3;1
1683;3;3;3;1;3;1
1684;3;3;3;1;3;1
1685;3;3;4;1;5;1
1686;3;3;4;1;5;1
1687;3;3;3;3;5;1
1688;3;3;3;3;5;1
1689;3;3;3;1;5;1
1690;3;3;3;1;5;1
1691;3;3;2;2;5;1
1692;3;3;2;2;5;1
1693;3;3;4;3;5;1
1694;3;3;4;3;5;1
1695;3;3;3;1;3;1
1696;3;3;3;1;3;1
1698;3;3;4;3;2;1
1699;3;3;4;3;2;1
1700;3;3;3;1;3;1
1701;3;3;3;1;3;1
1702;3;3;4;2;5;1
1703;3;3;4;2;5;1
1704;3;3;3;2;3;1
1705;3;3;3;2;3;1
1706;3;3;3;1;5;1
1707;3;3;3;1;5;1
1708;3;3;3;1;3;1
1709;3;3;3;1;3;1
1710;3;3;4;3;3;1
1711;3;3;4;3;3;1
1712;4;5;3;1;5;1
1713;4;5;3;1;5;1
1714;4;5;4;1;3;1
1715;4;5;4;1;3;1
1716;4;5;4;3;1;1
1717;4;5;4;3;1;1
1718;3;4;4;1;5;1
1719;3;4;4;1;5;1
1720;3;4;3;1;3;1
1721;3;4;3;1;3;1
1722;3;4;5;3;5;1
1723;3;4;5;3;5;1
1724;3;4;4;1;5;1
1725;3;4;4;1;5;1
1726;3;4;4;1;2;1
1727;3;4;4;1;2;1
1728;3;4;5;2;1;1
1729;3;4;5;2;1;1
1730;3;4;5;3;1;1
1731;3;4;5;3;1;1
1734;3;3;2;1;3;1
1735;3;3;2;1;3;1
1736;3;3;3;1;2;1
1737;3;3;3;1;2;1
1738;3;3;3;3;3;1
1739;3;3;3;3;3;1
1740;3;4;3;1;5;1
1741;3;4;3;1;5;1
1742;3;4;3;1;5;1
1743;3;4;3;1;5;1
1744;3;4;4;3;5;1
1745;3;4;4;3;5;1
1746;3;4;3;1;2;1
1747;3;4;3;1;2;1
1748;3;4;3;1;3;1
1749;3;4;3;1;3;1
1750;3;4;3;4;3;1
1751;3;4;3;4;3;1
1752;2;3;3;1;2;1
1753;2;3;3;1;2;1
1754;2;3;2;1;3;1
1755;2;3;2;1;3;1
1756;3;4;2;1;3;1
1757;3;4;2;1;3;1
1758;3;4;3;1;3;1
1759;3;4;3;1;3;1
1760;3;4;2;1;2;1
1761;3;4;2;1;2;1
1762;3;4;3;1;3;1
1763;3;4;3;1;3;1
1764;3;4;2;3;2;1
1765;3;4;2;3;2;1
1766;3;4;2;1;1;1
1767;3;4;2;1;1;1
1768;3;4;3;1;3;1
1769;3;4;3;1;3;1
1770;3;4;2;4;3;1
1771;3;4;2;4;3;1
1772;4;5;4;1;5;1
1773;4;5;4;1;5;1
1774;4;5;3;1;2;1
1775;4;5;3;1;2;1
1776;4;5;3;3;1;1
1777;4;5;3;3;1;1
1778;2;3;3;1;3;1
1779;2;3;3;1;3;1
1780;2;3;4;1;1;1
1781;2;3;4;1;1;1
1782;4;5;4;1;5;1
1783;4;5;4;1;5;1
1784;4;5;3;1;3;1
1785;4;5;3;1;3;1
1786;4;5;4;3;3;1
1787;4;5;4;3;3;1
1788;3;4;4;1;5;1
1789;3;4;4;1;5;1
1790;3;4;4;1;3;1
1791;3;4;4;1;3;1
1792;3;4;4;3;1;1
1793;3;4;4;3;1;1
1794;3;4;2;1;3;1
1795;3;4;2;1;3;1
1796;3;4;3;1;2;1
1797;3;4;3;1;2;1
1798;3;4;3;3;5;1
1799;3;4;3;3;5;1
1800;3;4;2;1;3;1
1801;3;4;2;1;3;1
1802;3;4;3;1;3;1
1803;3;4;3;1;3;1
1804;2;4;2;1;2;1
1805;2;4;2;1;2;1
1806;2;4;4;1;5;1
1807;2;4;4;1;5;1
1808;2;4;3;3;5;1
1809;2;4;3;3;5;1
1810;2;4;3;3;5;1
1811;2;4;3;3;5;1
1812;2;4;3;1;3;1
1813;2;4;3;1;3;1
1814;2;4;3;3;5;1
1815;2;4;3;3;5;1
1816;4;5;3;1;2;1
1817;4;5;3;1;2;1
1818;4;5;3;3;2;1
1819;4;5;3;3;2;1
1820;4;5;4;3;2;1
1821;4;5;4;3;2;1
1822;4;5;3;1;1;1
1823;4;5;3;1;1;1
1824;4;5;3;2;5;1
1825;4;5;3;2;5;1
1826;4;5;4;3;1;1
1827;4;5;4;3;1;1
1828;4;5;2;1;2;1
1829;4;5;2;1;2;1
1830;4;5;3;2;2;1
1831;4;5;3;2;2;1
1832;4;5;3;3;2;1
1833;4;5;3;3;2;1
1834;2;4;2;1;2;1
1835;2;4;2;1;2;1
1836;2;4;3;3;5;1
1837;2;4;3;3;5;1
1838;2;4;3;3;5;1
1839;2;4;3;3;5;1
1840;4;5;3;1;2;1
1841;4;5;3;1;2;1
1842;4;5;3;1;1;1
1843;4;5;3;1;1;1
1844;4;5;4;3;2;1
1845;4;5;4;3;2;1
1846;4;5;2;1;3;1
1847;4;5;2;1;3;1
1848;4;5;2;1;2;1
1849;4;5;2;1;2;1
1850;4;5;4;3;1;1
1851;4;5;4;3;1;1
1854;2;3;2;1;4;1
1855;2;3;2;1;4;1
1856;6;5;4;1;5;1
1857;6;5;4;1;5;1
1858;6;5;4;1;3;1
1859;6;5;4;1;3;1
1861;6;5;2;1;2;1
1862;6;5;2;1;2;1
1863;6;5;2;1;3;1
1864;6;5;2;1;3;1
1865;6;5;4;1;5;1
1866;4;4;4;1;5;1
1867;4;4;4;3;1;1
1868;4;4;4;3;1;1
1869;4;4;4;3;2;1
1870;4;4;4;3;2;1
1871;4;4;4;1;5;1
1872;4;4;4;1;5;1
1873;4;4;4;1;2;1
1874;4;4;4;1;2;1
1875;4;4;4;2;1;1
1876;4;4;4;2;1;1
1877;4;4;4;3;2;1
1878;4;4;4;3;2;1
1879;4;4;2;1;3;1
1880;4;4;2;1;3;1
1881;4;4;4;1;1;1
1882;4;4;4;1;1;1
1883;4;4;3;2;1;1
1884;4;4;3;2;1;1
1885;4;4;3;3;1;1
1886;4;4;3;3;1;1
1887;4;4;4;1;5;1
1888;4;4;4;1;5;1
1889;4;4;4;3;1;1
1890;4;4;4;3;1;1
1891;4;4;4;2;5;1
1892;4;4;4;2;5;1
1893;2;2;3;1;3;1
1894;2;2;3;1;3;1
1907;5;5;4;1;3;1
1908;5;5;4;1;3;1
1909;5;5;4;2;3;1
1910;5;5;4;2;3;1
1911;5;5;3;1;1;1
1912;5;5;3;1;1;1
1913;5;5;4;1;1;1
1914;5;5;4;1;1;1
1915;5;5;4;2;3;1
1916;5;5;4;2;3;1
1917;5;5;4;1;3;1
1918;5;5;4;1;3;1
1919;5;5;4;1;2;1
1920;5;5;4;1;2;1
1921;5;5;5;2;2;1
1922;5;5;5;2;2;1
1923;5;5;4;1;5;1
1924;5;5;4;1;5;1
1925;5;5;3;1;2;1
1926;5;5;3;1;2;1
1927;5;5;3;3;1;1
1928;5;5;3;3;1;1
1929;2;2;3;1;5;1
1930;2;2;3;1;5;1
1931;2;2;3;3;5;1
1932;2;2;3;3;5;1
1933;2;2;3;3;5;1
1934;2;2;3;3;5;1
1935;3;2;3;1;5;1
1936;3;2;3;1;5;1
1937;3;2;2;2;3;1
1938;3;2;2;2;3;1
1939;3;2;3;1;5;1
1940;3;2;3;1;5;1
1941;3;2;3;2;5;1
1942;3;2;3;2;5;1
1943;3;2;4;3;5;1
1944;3;2;4;3;5;1
1945;2;2;4;1;5;1
1946;2;2;4;1;5;1
1947;2;2;4;3;5;1
1948;2;2;4;3;5;1
1949;5;3;4;1;5;1
1950;5;3;4;1;5;1
1951;5;3;4;1;5;1
1952;5;3;4;1;5;1
1953;6;5;2;1;3;1
1954;6;5;2;1;3;1
1955;6;5;3;2;3;1
1956;6;5;3;2;3;1
1957;6;5;2;3;3;1
1958;6;5;2;3;3;1
1959;6;5;4;3;3;1
1960;6;5;4;3;3;1
1961;6;5;4;1;5;1
1962;6;5;4;1;5;1
1963;6;5;4;1;5;1
1964;6;5;4;1;5;1
1968;6;5;3;1;3;1
1969;6;5;3;1;3;1
1970;6;5;3;2;1;1
1971;6;5;3;2;1;1
1972;6;5;4;3;1;1
1973;6;5;4;3;1;1
1974;6;5;3;1;5;1
1975;6;5;3;1;5;1
1976;6;5;4;1;5;1
1977;6;5;4;1;5;1
1978;6;5;4;3;1;1
1979;6;5;4;3;1;1
1980;6;5;4;3;5;1
1981;6;5;4;3;5;1
1982;6;5;2;1;3;1
1983;6;5;2;1;3;1
1984;6;5;4;1;2;1
1985;6;5;4;1;2;1
1986;6;5;3;3;3;1
1987;6;5;3;3;3;1
1988;6;5;5;3;1;1
1989;6;5;5;3;1;1
1990;6;5;3;1;5;1
1991;6;5;3;1;5;1
1992;6;5;3;2;3;1
1993;6;5;3;2;3;1
1994;6;5;3;3;2;1
1995;6;5;3;3;2;1
1996;6;5;3;1;2;1
1997;6;5;3;1;2;1
1998;6;5;3;2;3;1
1999;6;5;3;2;3;1
2000;6;5;3;2;2;1
2001;6;5;3;2;2;1
2002;4;5;3;1;2;1
2003;4;5;3;1;2;1
2004;4;5;4;1;3;1
2005;4;5;4;1;3;1
2006;4;5;4;3;3;1
2007;4;5;4;3;3;1
2008;4;5;3;1;2;1
2009;4;5;3;1;2;1
2010;4;5;4;1;3;1
2011;4;5;4;1;3;1
2012;4;5;4;2;1;1
2013;4;5;4;3;3;1
2014;4;5;4;3;3;1
2015;5;5;3;1;3;1
2016;5;5;3;1;3;1
2017;5;5;4;3;1;1
2018;5;5;4;3;1;1
2019;5;5;4;3;3;1
2020;5;5;4;3;3;1
2021;5;5;3;1;5;1
2022;5;5;3;1;5;1
2023;5;5;5;3;1;1
2024;5;5;5;3;1;1
2025;5;5;4;2;2;1
2026;5;5;4;2;2;1
2027;5;5;3;1;3;1
2028;5;5;3;1;3;1
2029;5;5;5;3;1;1
2030;5;5;5;3;1;1
2031;5;5;4;2;1;1
2032;5;5;4;2;1;1
2033;5;5;3;1;3;1
2034;5;5;3;1;3;1
2035;5;5;2;3;1;1
2036;5;5;2;3;1;1
2037;5;5;4;1;2;1
2038;5;5;4;1;2;1
2039;5;5;3;1;3;1
2040;5;5;3;1;3;1
2041;5;5;5;3;1;1
2042;5;5;5;3;1;1
2043;5;5;3;1;5;1
2044;5;5;3;1;5;1
2047;5;5;2;1;1;1
2048;5;5;2;1;1;1
2049;5;5;4;1;3;1
2050;5;5;4;1;3;1
2051;5;5;3;1;3;1
2052;5;5;3;1;3;1
2053;5;5;4;1;2;1
2054;5;5;4;1;2;1
2055;5;5;3;1;2;1
2056;5;5;3;1;2;1
2057;5;5;4;3;2;1
2058;5;5;4;3;2;1
2059;5;5;3;3;2;1
2060;5;5;3;3;2;1
2061;4;5;2;1;2;1
2062;4;5;2;1;2;1
2063;4;5;4;1;3;1
2064;4;5;4;1;3;1
2065;4;5;3;2;2;1
2066;4;5;3;2;2;1
2067;4;5;2;2;2;1
2068;4;5;2;2;2;1
2069;4;5;3;2;2;1
2070;4;5;3;2;2;1
2073;4;5;2;1;3;1
2074;4;5;2;1;3;1
2075;4;5;2;1;3;1
2076;4;5;2;1;3;1
2077;4;5;3;1;3;1
2078;4;5;3;1;3;1
2079;4;5;4;1;3;1
2080;4;5;4;1;3;1
2081;4;5;1;1;2;1
2082;4;5;1;1;2;1
2083;4;5;3;3;2;1
2084;4;5;3;3;2;1
2085;4;5;2;1;1;1
2086;4;5;2;1;1;1
2087;4;5;3;1;1;1
2088;4;5;3;1;1;1
2089;5;5;2;1;2;1
2090;5;5;2;1;2;1
2091;5;5;4;3;2;1
2092;5;5;4;3;2;1
2093;5;5;3;3;5;1
2094;5;5;3;3;5;1
2095;5;5;3;1;3;1
2096;5;5;3;1;3;1
2097;5;5;4;2;2;1
2098;5;5;4;2;2;1
2099;5;5;4;3;1;1
2100;5;5;4;3;1;1
2101;4;5;2;1;3;1
2102;4;5;2;1;3;1
2103;4;5;3;1;5;1
2104;4;5;3;1;5;1
2105;4;5;3;3;5;1
2106;4;5;3;3;5;1
2107;5;5;3;1;2;1
2108;5;5;3;1;2;1
2109;5;5;4;1;1;1
2110;5;5;4;1;1;1
2111;5;5;3;2;2;1
2112;5;5;3;2;2;1
2114;6;6;3;1;5;1
2115;6;6;3;1;5;1
2116;6;6;2;1;1;1
2117;6;6;2;1;1;1
2118;6;6;3;3;5;1
2119;6;6;3;3;5;1
2120;6;6;3;1;3;1
2121;6;6;3;1;3;1
2122;6;6;3;3;3;1
2123;6;6;3;3;3;1
2124;6;6;3;3;5;1
2125;6;6;3;3;5;1
2126;4;5;3;1;1;1
2127;4;5;3;1;1;1
2128;4;5;4;2;5;1
2129;4;5;4;2;5;1
2136;6;6;3;3;3;1
2137;6;6;3;3;3;1
2138;3;4;3;1;5;1
2139;3;4;3;1;5;1
2140;3;4;3;3;3;1
2141;3;4;3;3;3;1
2142;3;4;4;3;1;1
2143;3;4;4;3;1;1
2144;3;4;2;1;3;1
2145;3;4;2;1;3;1
2146;3;4;3;3;3;1
2147;3;4;3;3;3;1
2148;2;3;2;1;1;1
2149;2;3;2;1;1;1
2150;2;3;2;1;2;1
2151;2;3;2;1;2;1
2152;2;3;4;3;3;1
2153;2;3;4;3;3;1
2154;5;5;3;1;1;1
2155;5;5;3;1;1;1
2156;5;5;3;1;2;1
2157;5;5;3;1;2;1
2158;5;5;4;3;3;1
2159;5;5;4;3;3;1
2160;5;5;3;3;1;1
2161;5;5;3;3;1;1
2162;2;3;4;1;3;1
2163;2;3;4;1;3;1
2164;2;3;3;2;3;1
2165;2;3;3;2;3;1
2166;4;5;2;1;1;1
2167;4;5;2;1;1;1
2168;4;5;2;3;2;1
2169;4;5;2;3;2;1
2170;4;5;3;1;5;1
2171;4;5;3;1;5;1
2172;4;5;2;1;3;1
2173;4;5;2;1;3;1
2174;4;5;3;1;3;1
2175;4;5;3;1;3;1
2176;4;5;2;2;1;1
2177;4;5;2;2;1;1
2178;4;5;3;2;2;1
2179;4;5;3;2;2;1
2180;5;5;3;1;5;1
2181;5;5;3;1;5;1
2182;5;5;3;2;1;1
2183;5;5;3;2;1;1
2184;5;5;3;2;2;1
2185;5;5;3;2;2;1
2186;5;5;3;1;5;1
2187;5;5;3;1;5;1
2188;5;5;3;1;1;1
2189;5;5;3;1;1;1
2190;5;5;4;3;3;1
2191;5;5;4;3;3;1
2192;5;5;5;2;5;1
2193;5;5;5;2;5;1
2194;5;5;4;1;5;1
2195;5;5;4;1;5;1
2196;5;5;2;1;5;1
2197;5;5;2;1;5;1
2198;5;5;3;2;5;1
2199;5;5;3;2;5;1
2200;5;5;2;1;5;1
2201;5;5;2;1;5;1
2202;5;5;3;1;5;1
2203;5;5;3;1;5;1
2204;5;5;4;3;5;1
2205;5;5;4;3;5;1
2206;2;4;3;1;2;1
2207;2;4;3;1;2;1
2208;2;4;3;1;5;1
2209;2;4;3;1;5;1
2210;2;4;3;1;3;1
2211;2;4;3;1;3;1
2212;4;4;2;1;1;1
2213;4;4;2;1;1;1
2214;4;4;3;1;3;1
2215;4;4;3;1;3;1
2216;4;4;3;1;2;1
2217;4;4;3;1;2;1
2218;4;4;3;1;3;1
2219;4;4;3;1;3;1
2220;4;4;2;3;3;1
2221;4;4;2;3;3;1
2222;4;4;3;1;3;1
2223;4;4;3;1;3;1
2224;5;5;3;1;1;1
2225;5;5;3;1;1;1
2226;5;5;3;2;1;1
2227;5;5;3;2;1;1
2228;5;5;3;3;1;1
2229;5;5;3;3;1;1
2230;5;5;2;1;2;1
2231;5;5;2;1;2;1
2232;5;5;3;1;2;1
2233;5;5;3;1;2;1
2234;5;5;4;2;2;1
2235;5;5;4;2;2;1
2236;5;5;3;1;1;1
2237;5;5;3;1;1;1
2238;5;5;3;3;3;1
2239;5;5;3;3;3;1
2240;5;5;4;3;3;1
2241;5;5;4;3;3;1
2243;5;5;3;1;2;1
2244;5;5;3;1;2;1
2245;5;5;4;2;3;1
2246;5;5;4;2;3;1
2247;5;5;3;1;2;1
2248;5;5;3;1;2;1
2249;5;5;3;1;1;1
2250;5;5;3;1;1;1
2251;5;5;3;1;3;1
2252;5;5;3;1;3;1
2253;5;5;3;1;3;1
2254;5;5;3;1;3;1
2255;5;5;4;3;3;1
2256;5;5;4;3;3;1
2257;5;5;3;3;1;1
2258;5;5;3;3;1;1
2259;5;5;3;1;3;1
2260;5;5;3;1;3;1
2261;5;5;3;1;1;1
2262;5;5;3;1;1;1
2263;5;5;3;3;5;1
2264;5;5;3;3;5;1
2265;6;5;3;3;5;1
2266;6;5;3;3;5;1
2267;6;5;3;1;1;1
2268;6;5;3;1;1;1
2269;6;5;4;3;3;1
2270;6;5;4;3;3;1
2271;6;5;3;1;3;1
2272;6;5;3;1;3;1
2273;6;5;3;1;3;1
2274;6;5;3;1;3;1
2275;6;5;3;2;3;1
2276;6;5;3;2;3;1
2277;6;5;3;1;2;1
2278;6;5;3;1;2;1
2279;6;5;4;2;1;1
2280;6;5;4;2;1;1
2281;6;5;4;1;1;1
2282;6;5;4;1;1;1
2283;6;5;3;1;2;1
2284;6;5;3;1;2;1
2285;6;5;5;2;3;1
2286;6;5;4;3;3;1
2287;6;5;4;3;3;1
2288;6;5;3;1;2;1
2289;6;5;3;1;2;1
2291;6;5;3;2;3;1
2292;6;5;3;2;3;1
2293;6;5;3;3;2;1
2294;6;5;3;3;2;1
2295;4;5;2;1;3;1
2296;4;5;2;1;3;1
2297;4;5;4;2;3;1
2298;4;5;4;2;3;1
2299;4;5;3;2;1;1
2300;4;5;3;2;1;1
2301;4;5;4;3;1;1
2302;4;5;4;3;1;1
2303;4;5;2;1;3;1
2304;4;5;2;1;3;1
2305;4;5;2;2;3;1
2306;4;5;2;2;3;1
2307;4;5;3;3;1;1
2308;4;5;3;3;1;1
2309;4;5;2;1;1;1
2310;4;5;2;1;1;1
2311;4;5;3;2;3;1
2312;4;5;3;2;3;1
2313;4;5;3;3;1;1
2314;4;5;3;3;1;1
2315;4;5;2;1;1;1
2316;4;5;2;1;1;1
2317;4;5;3;2;3;1
2318;4;5;3;2;3;1
2319;4;5;4;3;3;1
2320;4;5;4;3;3;1
2321;4;5;3;3;2;1
2322;4;5;3;3;2;1
2323;4;5;3;1;3;1
2324;4;5;3;1;3;1
2325;4;5;3;2;3;1
2326;4;5;3;2;3;1
2327;4;5;3;3;2;1
2328;4;5;3;3;2;1
2329;4;5;2;1;2;1
2330;4;5;2;1;2;1
2331;4;5;3;1;1;1
2332;4;5;3;1;1;1
2333;4;5;4;3;2;1
2334;4;5;4;3;2;1
2335;6;6;2;1;1;1
2336;6;6;2;1;1;1
2337;6;6;3;1;2;1
2338;6;6;3;1;2;1
2339;6;6;3;3;1;1
2340;6;6;3;3;1;1
2341;5;5;3;1;5;1
2342;5;5;3;1;5;1
2343;5;5;3;1;1;1
2344;5;5;3;1;1;1
2345;5;5;4;3;2;1
2346;5;5;4;3;2;1
2347;2;3;3;1;3;1
2348;2;3;3;1;3;1
2349;2;3;4;1;2;1
2350;2;3;4;1;2;1
2351;2;3;3;1;3;1
2352;2;3;3;1;3;1
2353;2;3;4;1;2;1
2354;2;3;4;1;2;1
2355;2;3;3;3;3;1
2356;2;3;3;3;3;1
2357;2;3;2;1;2;1
2358;2;3;2;1;2;1
2359;2;3;4;1;3;1
2360;2;3;4;1;3;1
2361;2;3;3;3;2;1
2362;2;3;3;3;2;1
2363;2;3;2;1;1;1
2364;2;3;2;1;1;1
2365;2;3;2;1;1;1
2366;2;3;2;1;1;1
2367;2;3;2;3;1;1
2368;2;3;2;3;1;1
2369;3;3;2;1;3;1
2370;3;3;2;1;3;1
2371;3;3;3;2;2;1
2372;3;3;3;2;2;1
2373;3;3;4;3;5;1
2374;3;3;4;3;5;1
2375;4;5;2;1;2;1
2376;4;5;2;1;2;1
2377;4;5;3;1;2;1
2378;4;5;3;1;2;1
2379;4;5;4;3;3;1
2380;4;5;4;3;3;1
2381;4;5;2;1;3;1
2382;4;5;2;1;3;1
2383;4;5;4;3;1;1
2384;4;5;4;3;1;1
2385;4;5;4;3;2;1
2386;4;5;4;3;2;1
2387;4;5;4;3;3;1
2388;4;5;4;3;3;1
2389;3;5;3;1;3;1
2390;3;5;3;1;3;1
2391;3;5;3;2;3;1
2392;3;5;3;2;3;1
2393;3;5;3;2;3;1
2394;3;5;3;2;3;1
2395;3;5;4;3;3;1
2396;3;5;4;3;3;1
2397;4;5;3;1;3;1
2398;4;5;3;1;3;1
2399;4;5;3;1;1;1
2400;4;5;3;1;1;1
2401;4;5;3;1;3;1
2402;4;5;3;1;3;1
2403;4;5;4;2;2;1
2404;4;5;4;2;2;1
2405;6;6;4;1;3;1
2406;6;6;4;1;3;1
2407;6;6;4;2;2;1
2408;6;6;4;2;2;1
2409;6;6;5;3;2;1
2410;6;6;5;3;2;1
2411;6;6;3;1;3;1
2412;6;6;3;1;3;1
2413;6;6;4;1;3;1
2414;6;6;4;1;3;1
2415;6;6;5;3;3;1
2416;6;6;5;3;3;1
2417;0;2;3;1;3;1
2418;0;2;4;4;2;1
2419;0;2;2;3;2;1
2420;0;2;2;1;3;1
2421;0;2;2;1;3;1
2424;0;2;2;1;1;1
2425;0;2;2;1;1;1
2426;1;2;2;1;2;1
2427;1;2;2;1;2;1
2428;1;2;5;1;3;1
2429;1;2;5;1;3;1
2430;1;2;3;2;2;1
2431;1;2;3;2;2;1
2432;1;2;3;3;3;1
2433;1;2;3;3;3;1
2434;1;2;4;1;2;1
2435;1;2;4;1;2;1
2436;1;2;4;3;2;1
2437;1;2;4;3;2;1
2438;3;4;4;1;3;1
2439;3;4;4;1;3;1
2440;3;4;4;3;2;1
2441;3;4;4;3;2;1
2442;2;2;3;1;2;1
2443;2;2;3;1;2;1
2444;2;2;3;1;3;1
2445;2;2;3;1;3;1
2446;2;2;3;4;2;1
2447;2;2;3;4;2;1
2448;1;2;3;1;2;1
2449;1;2;3;1;2;1
2450;1;2;3;5;2;1
2451;1;2;3;5;2;1
2452;1;2;3;5;2;1
2453;1;2;3;5;2;1
2454;4;5;4;1;2;1
2455;4;5;4;1;2;1
2456;4;5;4;4;3;1
2457;4;5;4;4;3;1
2458;4;5;4;3;2;1
2459;4;5;4;3;2;1
2460;3;4;3;1;2;1
2461;3;4;3;1;2;1
2462;3;4;5;4;1;1
2463;3;4;3;4;1;1
2464;3;4;4;1;1;1
2465;3;4;4;1;1;1
2466;3;4;4;4;2;1
2467;3;4;4;4;2;1
2468;3;4;4;4;1;1
2469;3;4;4;4;1;1
2470;4;5;4;1;1;1
2471;4;5;4;1;1;1
2472;4;5;3;3;1;1
2473;4;5;3;3;1;1
2474;4;5;4;4;1;1
2475;4;5;4;4;1;1
2476;2;2;4;1;3;1
2477;2;2;4;1;3;1
2478;2;2;3;4;2;1
2479;2;2;3;4;2;1
2480;2;2;4;4;1;1
2481;2;2;4;4;1;1
2482;3;3;3;1;5;1
2483;3;3;3;1;5;1
2484;3;3;3;1;5;1
2485;3;3;3;1;5;1
2486;4;4;3;1;3;1
2487;4;4;3;1;3;1
2488;4;4;4;2;2;1
2489;4;4;4;2;2;1
2490;4;4;3;5;2;1
2491;4;4;3;5;2;1
2492;2;2;3;1;2;1
2493;2;2;3;1;2;1
2494;4;4;3;1;1;1
2495;4;4;3;1;1;1
2496;4;4;4;3;1;1
2497;4;4;4;3;1;1
2498;3;3;3;1;1;1
2499;3;3;3;1;1;1
2500;3;3;3;3;1;1
2501;3;3;3;3;1;1
2502;3;3;3;1;2;1
2503;3;3;3;1;2;1
2504;3;3;3;1;1;1
2505;3;3;3;1;1;1
2506;5;5;4;1;1;1
2507;5;5;4;1;1;1
2508;5;5;4;4;1;1
2509;5;5;4;4;1;1
2510;5;5;4;3;1;1
2511;5;5;4;3;1;1
2512;3;3;3;1;1;1
2513;3;3;4;4;1;1
2514;2;2;3;1;2;1
2515;2;2;3;1;2;1
2516;2;2;3;3;1;1
2517;2;2;3;3;1;1
2518;1;2;3;1;2;1
2519;1;2;3;1;2;1
2520;1;2;3;1;1;1
2521;1;2;3;1;1;1
2522;1;2;2;4;1;1
2523;1;2;2;4;1;1
2524;0;1;4;1;1;1
2525;0;1;4;1;1;1
2526;0;1;4;1;1;1
2527;0;1;4;1;1;1
2528;0;1;4;1;1;1
2529;0;1;4;1;1;1
2530;0;1;4;1;1;1
2531;0;1;4;1;1;1
2532;0;1;4;1;1;1
2533;0;1;4;1;1;1
2534;0;1;4;1;1;1
2535;0;1;4;1;1;1
2536;0;1;4;3;2;1
2537;0;1;4;3;2;1
2538;0;1;4;3;2;1
2539;0;1;4;3;2;1
2540;0;1;4;1;2;1
2541;0;1;4;1;2;1
2542;0;1;4;3;2;1
2543;0;1;4;3;2;1
2545;0;1;5;1;1;1
2546;0;1;4;4;1;1
2547;0;1;4;4;1;1
2548;1;2;4;1;2;1
2549;1;2;4;1;2;1
2550;1;2;3;4;2;1
2551;1;2;3;4;2;1
2552;1;2;4;3;2;1
2553;1;2;4;3;2;1
2554;1;2;5;1;1;1
2555;1;2;5;1;1;1
2556;1;2;3;3;1;1
2557;1;2;3;3;1;1
2558;1;2;3;1;2;1
2559;1;2;3;1;2;1
2560;1;2;3;1;2;1
2561;1;2;3;1;2;1
2562;1;2;4;3;2;1
2563;1;2;4;3;2;1
2564;1;2;4;4;2;1
2565;1;2;4;1;2;1
2566;1;2;4;1;2;1
2567;1;2;4;3;1;1
2568;1;2;4;3;1;1
2569;1;2;4;2;1;1
2570;1;2;4;2;1;1
2571;1;2;3;1;1;1
2572;1;2;3;1;1;1
2573;1;2;4;3;1;1
2574;1;2;4;3;1;1
2575;1;2;4;3;1;1
2576;1;2;4;3;1;1
2577;1;2;4;1;2;1
2578;1;2;4;1;2;1
2579;1;2;3;3;2;1
2580;1;2;3;3;2;1
2581;1;2;4;3;2;1
2582;1;2;4;3;2;1
2583;1;2;3;1;1;1
2584;1;2;3;1;1;1
2585;1;2;4;3;1;1
2586;1;2;4;3;1;1
2587;1;2;3;1;2;1
2588;1;2;3;1;2;1
2589;1;2;4;3;1;1
2590;1;2;4;3;1;1
2591;1;2;4;3;2;1
2592;1;2;4;3;2;1
2593;2;2;3;1;2;1
2594;2;2;3;1;2;1
2595;2;2;4;3;1;1
2596;2;2;4;3;1;1
2597;2;2;4;4;1;1
2598;2;2;4;4;1;1
2599;2;2;5;1;1;1
2600;2;2;5;1;1;1
2601;2;2;3;1;2;1
2602;2;2;3;1;2;1
2603;2;2;4;4;1;1
2604;2;2;4;4;1;1
2605;2;2;4;4;1;1
2606;2;2;4;4;1;1
2607;2;2;5;1;5;1
2608;2;2;4;4;3;1
2609;2;2;4;4;3;1
2610;2;2;2;1;3;1
2611;2;2;2;1;3;1
2612;2;2;2;3;2;1
2613;2;2;2;3;2;1
2617;3;4;5;1;2;1
2618;3;4;2;1;3;1
2619;3;4;2;1;3;1
2620;3;4;3;3;1;1
2621;3;4;3;3;1;1
2622;3;4;3;4;1;1
2623;3;4;3;4;1;1
2624;3;4;2;1;2;1
2625;3;4;2;1;2;1
2626;3;4;4;3;2;1
2627;3;4;4;3;2;1
2628;3;4;4;4;2;1
2629;3;4;4;4;2;1
2630;3;4;3;1;2;1
2631;3;4;3;1;2;1
2632;3;4;3;4;1;1
2633;3;4;3;4;1;1
2634;3;4;4;4;2;1
2635;3;4;4;4;2;1
2636;3;4;3;1;2;1
2637;3;4;3;1;2;1
2638;3;4;3;3;2;1
2639;3;4;3;3;2;1
2640;3;4;4;4;3;1
2641;3;4;4;4;3;1
2642;3;4;3;1;2;1
2643;3;4;3;1;2;1
2644;3;4;4;4;1;1
2645;3;4;4;4;1;1
2646;3;4;3;4;2;1
2647;3;4;3;4;2;1
2648;4;5;3;1;1;1
2649;4;5;3;1;1;1
2650;4;5;3;4;2;1
2651;4;5;3;4;2;1
2652;4;5;4;4;2;1
2653;4;5;4;4;2;1
2654;5;5;4;1;1;1
2655;5;5;4;1;1;1
2656;5;5;4;3;2;1
2657;5;5;4;3;2;1
2658;5;5;4;4;2;1
2659;5;5;4;4;2;1
2660;3;4;3;1;2;1
2661;3;4;3;1;2;1
2662;3;4;3;1;2;1
2663;3;4;3;1;2;1
2664;3;4;3;4;2;1
2665;3;4;3;4;2;1
2666;3;4;3;4;2;1
2667;3;4;3;4;2;1
2668;2;2;3;1;2;1
2669;2;2;3;1;2;1
2670;2;2;4;4;1;1
2671;2;2;4;4;1;1
2672;2;2;3;4;1;1
2673;2;2;3;4;1;1
2674;3;3;4;3;1;1
2675;3;3;4;3;1;1
2676;3;3;4;4;1;1
2677;3;3;4;4;1;1
2678;2;2;3;1;3;1
2679;2;2;3;1;3;1
2680;2;2;4;4;1;1
2681;2;2;4;4;1;1
2682;2;2;4;5;1;1
2683;2;2;4;5;1;1
2684;4;4;3;1;2;1
2685;4;4;3;1;2;1
2686;4;4;3;3;2;1
2687;4;4;3;3;2;1
2688;4;4;4;4;2;1
2689;4;4;4;4;2;1
2690;2;2;3;1;2;1
2691;2;2;3;1;2;1
2692;2;2;2;3;2;1
2693;2;2;2;3;2;1
2694;1;1;3;2;2;1
2695;1;1;3;2;2;1
2696;3;3;2;4;1;1
2697;3;3;2;4;1;1
2698;5;5;3;1;2;1
2699;5;5;3;1;2;1
2700;5;5;3;1;5;1
2701;5;5;3;1;5;1
2702;5;5;5;1;3;1
2703;5;5;5;1;3;1
2704;4;5;3;1;2;1
2705;4;5;3;1;2;1
2707;4;5;2;1;1;1
2708;4;5;2;1;1;1
2709;4;5;3;1;5;1
2710;4;5;3;1;5;1
2711;4;5;3;1;1;1
2712;4;5;3;1;1;1
2713;4;5;4;1;5;1
2714;4;5;4;1;5;1
2715;5;5;3;1;3;1
2716;5;5;3;1;3;1
2717;5;5;4;1;1;1
2718;5;5;4;1;1;1
2719;6;6;4;1;3;1
2720;6;6;4;1;3;1
2721;6;6;4;1;2;1
2722;6;6;4;1;2;1
2723;6;6;4;1;5;1
2724;6;6;4;1;5;1
2725;5;5;3;1;2;1
2726;5;5;3;1;2;1
2727;5;5;3;1;2;1
2728;5;5;3;1;2;1
2729;5;5;4;1;5;1
2730;5;5;4;1;5;1
2731;5;5;3;1;3;1
2732;5;5;3;1;3;1
2733;5;5;3;1;2;1
2734;5;5;3;1;2;1
2735;5;2;3;1;3;1
2736;5;2;3;1;3;1
2737;5;2;4;1;2;1
2738;5;2;4;1;2;1
2739;5;2;4;1;2;1
2740;5;2;4;1;2;1
2741;5;5;3;1;3;1
2742;5;5;3;1;3;1
2743;5;5;3;2;1;1
2744;5;5;3;2;1;1
2745;5;5;4;1;1;1
2746;5;5;4;1;1;1
2747;5;5;4;1;1;1
2748;5;5;4;1;1;1
2749;5;5;4;1;2;1
2750;5;5;4;1;2;1
2751;5;5;4;3;5;1
2752;5;5;4;3;5;1
2754;5;5;3;1;2;1
2755;5;5;3;1;2;1
2756;5;5;2;2;2;1
2757;5;5;2;2;2;1
2758;5;5;4;1;3;1
2759;5;5;4;1;3;1
2760;5;5;3;1;2;1
2761;5;5;3;1;2;1
2762;5;5;4;1;1;1
2763;5;5;4;1;1;1
2766;5;5;4;1;1;1
2767;5;5;4;1;1;1
2768;5;5;2;1;2;1
2769;5;5;2;1;2;1
2770;5;5;4;2;3;1
2771;5;5;4;2;3;1
2772;4;5;2;1;3;1
2773;4;5;2;1;3;1
2774;4;5;2;1;1;1
2775;4;5;2;1;1;1
2776;4;5;4;2;3;1
2777;4;5;4;2;3;1
2778;3;4;4;1;5;1
2779;3;4;4;1;5;1
2780;3;4;4;4;5;1
2781;3;4;4;4;5;1
2782;3;4;4;4;5;1
2783;3;4;4;4;5;1
2784;3;4;4;1;3;1
2785;3;4;4;1;3;1
2786;3;4;3;2;1;1
2787;3;4;3;2;1;1
2788;3;4;3;1;3;1
2789;3;4;3;1;3;1
2790;3;4;3;1;2;1
2791;3;4;3;1;2;1
2792;3;4;3;4;3;1
2793;3;4;3;4;3;1
2794;2;3;3;1;3;1
2795;2;3;3;1;3;1
2796;2;3;3;2;5;1
2797;2;3;3;2;5;1
2798;6;5;3;1;1;1
2799;6;5;3;1;1;1
2800;6;5;5;3;2;1
2801;6;5;5;3;2;1
2802;6;5;3;1;2;1
2803;6;5;3;1;2;1
2804;6;5;4;2;2;1
2805;6;5;4;2;2;1
2806;6;5;4;3;5;1
2807;6;5;4;3;5;1
2808;6;5;4;1;3;1
2809;6;5;4;1;3;1
2810;6;5;2;3;3;1
2811;6;5;2;3;3;1
2812;6;5;3;4;3;1
2813;6;5;3;4;3;1
2814;6;5;4;2;5;1
2815;6;5;4;2;5;1
2816;5;5;3;1;2;1
2817;5;5;3;1;2;1
2819;6;6;3;3;5;1
2820;6;6;3;3;5;1
2821;6;6;3;3;5;1
2822;6;6;3;3;5;1
2823;5;5;4;1;3;1
2824;5;5;4;1;3;1
2825;5;5;4;4;2;1
2826;5;5;4;4;2;1
2827;5;5;2;1;2;1
2828;5;5;2;1;2;1
2829;5;5;3;4;3;1
2830;5;5;3;4;3;1
2831;5;5;3;3;2;1
2832;5;5;3;3;2;1
2833;6;6;4;1;5;1
2834;6;6;4;1;5;1
2835;6;6;4;4;5;1
2836;6;6;4;4;5;1
2837;6;6;4;2;5;1
2838;6;6;4;2;5;1
2839;6;6;4;2;5;1
2840;6;6;4;2;5;1
2841;6;6;4;3;5;1
2842;6;6;4;3;5;1
2843;6;6;3;3;2;1
2844;6;6;3;3;2;1
2845;6;6;3;2;1;1
2846;6;6;3;2;1;1
2847;5;5;3;1;2;1
2848;5;5;3;1;2;1
2849;5;5;4;2;1;1
2850;5;5;4;2;1;1
2851;5;5;4;3;2;1
2852;5;5;4;3;2;1
2853;5;5;3;1;2;1
2854;5;5;3;1;2;1
2855;5;5;3;3;1;1
2856;5;5;3;3;1;1
2857;5;5;2;3;2;1
2858;5;5;2;3;2;1
2859;3;4;3;1;3;1
2860;3;4;3;1;3;1
2861;3;4;3;2;2;1
2862;3;4;3;2;2;1
2863;5;5;3;1;2;1
2864;5;5;3;1;2;1
2865;5;5;4;3;3;1
2866;5;5;4;3;3;1
2867;5;5;4;2;1;1
2868;5;5;4;2;1;1
2869;5;5;3;1;2;1
2870;5;5;3;1;2;1
2871;5;5;2;2;2;1
2872;5;5;2;2;2;1
2873;5;5;4;3;2;1
2874;5;5;4;3;2;1
2875;5;5;2;1;2;1
2876;5;5;2;1;2;1
2877;5;5;2;2;2;1
2878;5;5;2;2;2;1
2879;5;5;3;3;2;1
2880;5;5;3;3;2;1
2881;5;5;2;1;2;1
2882;5;5;2;1;2;1
2883;5;5;2;2;2;1
2884;5;5;2;2;2;1
2885;5;5;3;2;1;1
2886;5;5;3;2;1;1
2887;5;5;4;1;2;1
2888;5;5;4;1;2;1
2889;5;5;3;1;2;1
2890;5;5;3;1;2;1
2891;5;5;4;2;2;1
2892;5;5;4;2;2;1
2893;6;6;4;4;2;1
2894;6;6;4;4;2;1
2895;6;6;3;4;1;1
2896;6;6;3;4;1;1
2899;3;4;4;1;1;1
2900;3;4;4;1;1;1
2901;2;3;4;1;5;1
2902;2;3;4;1;5;1
2903;2;3;4;1;5;1
2904;2;3;4;1;5;1
2905;2;3;4;1;5;1
2906;2;3;4;1;5;1
2909;6;6;3;4;1;1
2910;6;6;3;4;1;1
2911;4;4;2;3;1;1
2912;4;4;2;3;1;1
2913;5;5;3;1;5;1
2914;5;5;3;1;5;1
2916;4;4;3;1;2;1
2917;4;4;3;1;2;1
2918;4;4;3;4;1;1
2919;4;4;4;4;1;1
2922;4;5;3;1;2;1
2923;4;5;3;1;2;1
2924;4;5;3;4;2;1
2925;4;5;3;4;2;1
2928;4;5;3;1;1;1
2929;4;5;3;1;1;1
2930;4;5;3;1;2;1
2931;4;5;3;1;2;1
2932;4;5;3;3;2;1
2933;4;5;3;3;2;1
2934;4;5;3;3;1;1
2935;4;5;3;3;1;1
2936;4;5;3;1;3;1
2937;4;5;3;1;3;1
2940;3;5;3;1;1;1
2941;3;5;3;1;1;1
2942;3;5;3;1;2;1
2943;3;5;3;1;2;1
2944;3;5;4;3;2;1
2945;3;5;4;3;2;1
2946;3;5;3;1;1;1
2947;3;5;3;1;1;1
2948;3;5;3;1;1;1
2949;3;5;3;1;1;1
2950;3;5;4;3;5;1
2951;3;5;4;3;5;1
2952;3;5;2;1;2;1
2953;3;5;2;1;2;1
2954;3;5;2;1;3;1
2955;3;5;2;1;3;1
2956;3;5;3;3;2;1
2957;3;5;3;3;2;1
2958;3;5;3;1;1;1
2959;3;5;3;1;1;1
2960;3;5;3;3;2;1
2961;3;5;3;3;2;1
2962;3;5;4;3;2;1
2963;3;5;4;3;2;1
2964;3;5;3;1;2;1
2965;3;5;3;1;2;1
2966;3;5;3;2;2;1
2967;3;5;3;2;2;1
2968;3;5;3;1;3;1
2969;3;5;3;1;3;1
2970;3;5;4;1;3;1
2971;3;5;4;1;3;1
2972;3;5;4;3;5;1
2973;3;5;4;3;5;1
2975;6;6;3;1;2;1
2976;6;6;3;1;2;1
2979;4;5;3;1;1;1
2980;4;5;3;1;1;1
2982;4;5;4;3;1;1
2985;4;5;3;1;2;1
2986;4;5;3;1;2;1
2987;4;5;4;3;3;1
2988;4;5;4;3;3;1
2989;4;5;3;1;2;1
2990;4;5;3;1;2;1
2991;4;5;3;3;1;1
2992;4;5;3;3;1;1
2993;4;5;4;1;3;1
2994;4;5;4;1;3;1
2995;4;5;4;1;3;1
2996;4;5;4;1;3;1
2997;4;5;4;3;3;1
2998;4;5;4;3;3;1
2999;4;5;2;1;3;1
3000;4;5;2;1;3;1
3001;4;5;3;3;5;1
3002;4;5;3;3;5;1
3003;4;5;4;4;5;1
3004;4;5;4;4;5;1
3005;4;5;3;1;2;1
3006;4;5;3;1;2;1
3007;4;5;3;3;1;1
3008;4;5;3;3;1;1
3009;4;5;4;4;2;1
3010;4;5;4;4;2;1
3011;4;5;3;1;2;1
3012;4;5;3;1;2;1
3013;4;5;3;3;2;1
3014;4;5;3;3;2;1
3015;4;5;3;3;2;1
3016;4;5;4;3;2;1
3019;6;6;4;1;5;1
3020;6;6;4;1;5;1
3023;6;6;3;1;1;1
3024;6;6;3;1;1;1
3025;6;6;4;3;1;1
3026;6;6;4;3;1;1
3027;6;6;3;2;1;1
3028;6;6;3;2;1;1
3029;6;6;3;3;1;1
3030;6;6;3;3;1;1
3031;6;6;3;3;1;1
3032;6;6;3;3;1;1
3033;4;5;3;1;1;1
3034;4;5;3;1;1;1
3035;4;5;3;4;1;1
3036;4;5;3;4;1;1
3037;4;5;3;4;1;1
3038;4;5;3;4;1;1
3039;6;6;4;3;5;1
3040;6;6;4;3;5;1
3041;6;6;3;3;5;1
3042;6;6;3;3;5;1
3043;6;6;4;3;5;1
3044;6;6;4;4;2;1
3045;6;6;4;4;2;1
3046;5;5;3;1;5;1
3047;5;5;3;1;5;1
3048;5;5;3;3;2;1
3049;5;5;3;3;2;1
3050;6;6;4;4;5;1
3051;6;6;4;4;5;1
3052;6;6;3;3;2;1
3053;6;6;3;3;2;1
3054;5;5;4;1;5;1
3055;5;5;4;1;5;1
3056;5;5;4;2;1;1
3057;5;5;4;2;1;1
3062;6;6;4;3;5;1
3063;6;6;4;3;5;1
3064;6;6;4;3;5;1
3065;6;6;4;3;5;1
3066;6;6;4;4;5;1
3067;6;6;4;4;5;1
3068;6;6;3;1;2;1
3069;6;6;3;1;2;1
3070;6;6;2;3;2;1
3071;6;6;2;3;2;1
3072;6;6;3;3;2;1
3073;6;6;3;3;2;1
3074;6;6;4;1;3;1
3075;6;6;4;1;3;1
3076;6;6;4;2;3;1
3077;6;6;4;2;3;1
3078;6;6;3;1;2;1
3079;6;6;3;1;2;1
3080;6;6;3;4;2;1
3081;6;6;3;4;2;1
3082;6;6;3;1;2;1
3083;6;6;3;1;2;1
3084;6;6;2;1;2;1
3085;6;6;2;1;2;1
3086;6;6;3;1;2;1
3087;6;6;3;1;2;1
3088;6;6;4;3;2;1
3089;6;6;4;3;2;1
3090;5;5;3;1;2;1
3091;5;5;3;1;2;1
3092;5;5;4;3;2;1
3093;5;5;4;3;2;1
3094;6;6;3;1;3;1
3095;6;6;3;1;3;1
3096;6;6;4;4;2;1
3097;6;6;4;4;2;1
3098;6;6;4;4;2;1
3099;6;6;4;4;2;1
3100;5;5;3;1;3;1
3101;5;5;3;1;3;1
3102;5;5;4;2;2;1
3103;5;5;4;2;2;1
3104;5;5;4;4;3;1
3105;5;5;4;4;3;1
3106;5;5;3;1;2;1
3107;5;5;3;1;2;1
3108;5;5;4;2;3;1
3109;5;5;4;2;3;1
3110;5;5;3;1;3;1
3111;5;5;3;1;3;1
3112;5;5;4;1;2;1
3113;5;5;4;1;2;1
3116;3;4;3;1;2;1
3117;3;4;3;1;2;1
3118;3;4;3;1;2;1
3119;3;4;3;1;2;1
3120;3;4;4;4;3;1
3121;3;4;4;4;3;1
3122;3;4;3;1;2;1
3123;3;4;3;1;2;1
3124;3;4;4;1;2;1
3125;3;4;4;1;2;1
3126;3;4;4;4;2;1
3127;3;4;4;4;2;1
3128;3;4;3;1;3;1
3129;3;4;3;1;3;1
3130;3;4;3;1;3;1
3131;3;4;3;1;3;1
3132;4;5;3;1;2;1
3133;4;5;3;1;2;1
3134;4;5;3;1;2;1
3135;4;5;3;1;2;1
3136;4;5;4;3;2;1
3137;4;5;4;3;2;1
3138;6;6;3;1;2;1
3139;6;6;3;1;2;1
3140;6;6;4;3;3;1
3141;6;6;4;3;3;1
3142;3;4;3;1;2;1
3143;3;4;3;1;2;1
3144;3;4;3;4;2;1
3145;3;4;3;4;2;1
3146;6;6;3;1;5;1
3147;6;6;3;1;5;1
3151;6;6;3;4;5;1
3152;6;6;3;4;5;1
3155;6;6;4;1;5;1
3156;6;6;4;1;5;1
3157;6;6;4;3;3;1
3158;6;6;4;3;3;1
3159;6;6;3;3;2;1
3160;6;6;3;3;2;1
3161;6;6;2;3;3;1
3162;6;6;2;3;3;1
3163;6;6;3;3;2;1
3164;6;6;3;3;2;1
3165;6;6;3;3;2;1
3166;6;6;3;3;2;1
3167;6;6;3;3;3;1
3168;6;6;3;3;3;1
3169;6;6;4;4;3;1
3170;6;6;4;4;3;1
3173;6;6;3;3;3;1
3174;6;6;3;3;3;1
3175;6;6;4;4;5;1
3176;6;6;4;4;5;1
3177;6;6;3;4;5;1
3178;6;6;3;4;5;1
3179;6;6;3;3;5;1
3180;6;6;3;4;3;1
3181;6;6;3;4;3;1
3182;6;6;3;4;3;1
3183;6;6;3;3;2;1
3184;6;6;3;3;2;1
3187;6;6;3;3;1;1
3188;6;6;3;3;1;1
3189;6;6;4;1;5;1
3190;6;6;4;1;5;1
3191;6;6;3;3;1;1
3192;6;6;3;3;1;1
3194;6;6;3;1;5;1
3195;6;6;3;1;5;1
3196;6;6;2;3;3;1
3197;6;6;2;3;3;1
3198;6;6;4;1;5;1
3199;6;6;4;1;5;1
3200;6;6;4;2;5;1
3201;6;6;4;2;5;1
3202;6;6;3;1;3;1
3203;6;6;3;1;3;1
3204;6;6;3;2;3;1
3205;6;6;3;2;3;1
3206;6;6;2;1;2;1
3207;6;6;2;1;2;1
3208;6;6;3;2;1;1
3209;6;6;3;2;1;1
3210;6;6;2;1;1;1
3211;6;6;2;1;1;1
3212;6;6;4;4;1;1
3213;6;6;4;4;1;1
3214;6;6;3;1;1;1
3215;6;6;3;1;1;1
3216;6;6;3;3;2;1
3217;6;6;3;3;2;1
3219;6;6;3;1;3;1
3220;6;6;3;1;3;1
3221;6;6;3;2;2;1
3222;6;6;3;2;2;1
3223;6;6;4;3;2;1
3224;6;6;4;3;2;1
3225;6;6;3;1;3;1
3226;6;6;3;1;3;1
3227;6;6;3;3;3;1
3228;6;6;3;3;3;1
3229;6;6;3;1;3;1
3230;6;6;3;1;3;1
3231;6;6;3;1;3;1
3232;6;6;3;1;3;1
3233;6;6;4;3;2;1
3234;6;6;4;3;2;1
3235;6;6;2;1;2;1
3236;6;6;2;1;2;1
3237;6;6;2;1;2;1
3238;6;6;2;1;2;1
3239;6;6;2;1;5;1
3240;6;6;2;1;5;1
3241;6;6;3;1;2;1
3242;6;6;3;1;2;1
3243;5;5;2;1;1;1
3244;5;5;2;1;1;1
3245;5;5;2;3;3;1
3246;5;5;2;3;3;1
3247;6;6;3;1;3;1
3248;6;6;3;1;3;1
3249;6;6;4;3;3;1
3250;6;6;4;3;3;1
3251;6;6;3;1;5;1
3252;6;6;3;1;5;1
3253;6;6;3;2;2;1
3254;6;6;3;2;2;1
3255;6;6;3;3;3;1
3256;6;6;3;3;3;1
3257;4;5;2;1;1;1
3258;4;5;2;1;1;1
3259;4;5;3;3;3;1
3260;4;5;3;3;3;1
3262;6;6;3;1;2;1
3263;6;6;3;1;2;1
3264;6;6;3;3;1;1
3265;6;6;3;3;1;1
3266;5;5;3;1;1;1
3267;5;5;3;1;1;1
3268;5;5;3;3;1;1
3269;5;5;3;1;3;1
3270;5;5;3;1;3;1
3271;5;5;3;2;3;1
3272;5;5;3;2;3;1
3273;5;5;3;1;3;1
3274;5;5;3;1;3;1
3275;5;5;3;2;3;1
3276;5;5;3;2;3;1
3277;6;6;4;1;5;1
3278;6;6;4;1;5;1
3279;6;6;4;1;5;1
3280;6;6;4;1;5;1
3281;6;6;3;3;1;1
3282;6;6;3;3;1;1
3283;6;6;3;1;5;1
3284;6;6;3;1;5;1
3285;6;6;3;5;3;1
3286;6;6;3;5;3;1
3287;6;6;4;1;5;1
3288;6;6;4;1;5;1
3289;6;6;3;4;5;1
3290;6;6;3;4;5;1
3291;6;6;3;1;3;1
3292;6;6;3;1;3;1
3293;6;6;3;3;1;1
3294;6;6;3;3;1;1
3295;6;6;3;1;3;1
3296;6;6;3;1;3;1
3297;6;6;4;3;3;1
3298;6;6;4;3;3;1
3300;6;6;4;3;1;1
3301;6;6;4;3;1;1
3302;6;6;3;1;3;1
3303;6;6;3;1;3;1
3304;6;6;3;2;3;1
3305;6;6;3;2;3;1
3306;6;6;4;1;5;1
3307;6;6;4;1;5;1
3308;6;6;3;2;3;1
3309;6;6;3;2;3;1
3310;6;6;3;1;3;1
3311;6;6;3;1;3;1
3312;6;6;3;2;1;1
3313;6;6;3;2;1;1
3315;6;6;4;3;1;1
3316;6;6;4;3;1;1
3319;6;6;3;1;1;1
3320;6;6;3;1;1;1
3321;6;6;3;1;1;1
3322;6;6;3;1;1;1
3323;6;6;3;1;1;1
3324;6;6;3;1;1;1
3325;6;6;3;3;3;1
3326;6;6;3;3;3;1
3329;6;6;3;4;1;1
3330;6;6;3;4;1;1
3331;6;6;2;1;3;1
3332;6;6;2;1;3;1
3333;6;6;3;3;3;1
3334;6;6;3;3;3;1
3337;6;6;3;3;1;1
3338;6;6;3;3;1;1
3340;6;6;3;1;3;1
3341;6;6;3;1;3;1
3342;6;6;3;4;2;1
3343;6;6;3;4;2;1
3346;6;6;3;2;1;1
3347;6;6;3;2;1;1
3348;6;6;3;2;1;1
3349;6;6;3;2;1;1
3350;6;6;2;1;2;1
3351;6;6;2;1;2;1
3352;6;6;3;4;2;1
3353;6;6;3;4;2;1
3354;6;6;3;1;1;1
3355;6;6;3;1;1;1
3356;3;4;2;1;3;1
3357;3;4;2;1;3;1
3358;3;4;3;1;3;1
3359;3;4;3;1;3;1
3360;5;5;2;1;2;1
3361;5;5;2;1;2;1
3362;5;5;3;1;2;1
3363;5;5;3;1;2;1
3364;5;5;2;1;4;1
3365;5;5;2;1;4;1
3366;5;5;3;1;1;1
3367;5;5;3;1;1;1
3368;5;5;4;1;2;1
3369;5;5;4;1;2;1
3370;5;6;3;1;2;1
3371;5;6;3;1;2;1
3372;5;6;4;1;2;1
3373;5;6;4;1;2;1
3374;5;6;3;1;2;1
3375;5;6;3;1;2;1
3376;5;6;4;2;2;1
3377;5;6;4;2;2;1
3378;5;6;3;4;2;1
3379;5;6;3;4;2;1
3380;5;6;4;4;2;1
3381;5;6;4;4;2;1
3382;5;5;3;2;2;1
3383;5;5;3;2;2;1
3384;5;5;3;4;2;1
3385;5;5;3;4;2;1
3386;5;5;4;4;2;1
3387;5;5;4;4;2;1
3388;5;5;3;2;2;1
3389;5;5;3;2;2;1
3390;5;5;3;4;2;1
3391;5;5;3;4;2;1
3392;5;5;4;4;2;1
3393;5;5;4;4;2;1
3394;5;5;2;2;2;1
3395;5;5;2;2;2;1
3396;5;5;4;4;2;1
3397;5;5;4;4;2;1
3398;5;5;3;4;2;1
3399;5;5;3;4;2;1
3400;5;5;3;1;2;1
3401;5;5;3;1;2;1
3402;5;5;5;2;2;1
3403;5;5;5;2;2;1
3404;5;5;4;3;5;1
3405;5;5;4;3;5;1
3406;5;5;2;1;3;1
3407;5;5;2;1;3;1
3408;5;5;3;4;2;1
3409;5;5;3;4;2;1
3410;5;5;3;1;2;1
3411;5;5;3;1;2;1
3412;5;5;4;2;1;1
3413;5;5;4;2;1;1
3414;5;5;4;4;1;1
3415;5;5;4;4;1;1
3416;5;5;2;1;2;1
3417;5;5;2;1;2;1
3418;5;5;4;3;1;1
3419;5;5;4;3;1;1
3420;5;5;3;1;4;1
3421;5;5;3;1;4;1
3422;5;5;4;3;1;1
3423;5;5;4;3;1;1
3424;5;5;3;1;5;1
3425;5;5;3;1;5;1
3426;5;5;4;3;1;1
3427;5;5;4;3;1;1
3428;6;5;3;1;2;1
3429;6;5;3;1;2;1
3430;6;5;2;2;2;1
3431;6;5;2;2;2;1
3432;5;5;3;1;2;1
3433;5;5;3;1;2;1
3434;5;5;3;2;1;1
3435;5;5;3;2;1;1
3436;6;6;3;1;1;1
3437;6;6;3;1;1;1
3438;6;6;3;2;1;1
3439;6;6;3;2;1;1
3440;6;6;3;1;1;1
3441;6;6;3;1;1;1
3443;6;6;3;1;2;1
3444;6;6;3;1;2;1
3446;6;6;4;3;2;1
3447;6;6;4;3;2;1
3448;6;6;4;1;4;1
3449;6;6;4;1;4;1
3453;6;6;4;1;2;1
3454;6;6;4;1;2;1
3456;5;5;3;1;1;1
3457;5;5;3;1;1;1
3458;5;5;3;1;2;1
3459;5;5;3;1;2;1
3460;5;5;3;2;1;1
3461;5;5;3;2;1;1
3462;6;6;3;1;4;1
3463;6;6;3;1;4;1
3464;6;6;3;2;1;1
3465;6;6;3;2;1;1
3466;5;5;4;1;4;1
3467;5;5;4;1;4;1
3468;5;5;2;2;1;1
3469;5;5;2;2;1;1
3470;5;5;4;1;4;1
3471;5;5;4;1;4;1
3472;6;6;4;1;4;1
3473;6;6;4;1;4;1
3474;5;5;3;1;2;1
3475;6;6;3;1;1;1
3476;6;6;3;1;1;1
3477;6;6;4;2;2;1
3478;6;6;4;2;2;1
3479;6;6;3;1;1;1
3480;6;6;3;1;1;1
3481;6;6;4;2;4;1
3482;6;6;4;2;4;1
3483;6;6;4;3;1;1
3484;6;6;4;3;1;1
3487;6;6;3;3;2;1
3488;6;6;3;3;2;1
3489;4;5;3;1;2;1
3490;4;5;3;1;2;1
3491;4;5;4;3;2;1
3492;4;5;4;3;2;1
3494;4;5;3;1;1;1
3495;4;5;3;1;1;1
3496;4;5;3;1;2;1
3497;4;5;3;1;2;1
3498;4;5;5;3;4;1
3499;4;5;3;1;2;1
3500;4;5;3;1;2;1
3501;4;5;3;4;2;1
3502;4;5;4;3;5;1
3503;4;5;4;3;5;1
3504;5;5;3;1;2;1
3505;5;5;3;1;2;1
3506;5;5;2;4;1;1
3507;5;5;2;4;1;1
3508;5;5;3;4;1;1
3509;5;5;3;4;1;1
3510;6;6;4;1;5;1
3511;6;6;4;1;5;1
3512;6;6;4;3;2;5
3513;6;6;4;3;2;5
3514;6;6;4;1;5;5
3515;6;6;4;1;5;5
3516;6;6;4;3;3;5
3517;6;6;4;3;3;5
3518;6;6;5;3;1;5
3519;6;6;5;3;1;5
3520;6;6;4;3;1;5
3521;5;5;4;1;5;5
3522;5;5;4;1;5;5
3523;5;5;4;3;3;5
3524;6;6;4;1;5;5
3525;6;6;4;1;5;5
3528;5;5;2;1;2;5
3529;5;5;2;1;2;5
3530;5;5;3;3;2;5
3531;5;5;3;3;2;5
3532;5;5;3;1;4;5
3533;5;5;3;1;4;5
3534;6;6;3;1;1;5
3535;6;6;3;1;1;5
3536;6;6;3;1;1;5
3537;6;6;3;1;1;5
3538;6;6;4;1;1;5
3539;6;6;4;1;1;5
3540;6;6;4;2;1;5
3541;6;6;4;2;1;5
3542;6;6;4;1;1;5
3543;6;6;4;1;1;5
3544;6;6;3;3;1;5
3545;6;6;3;3;1;5
3546;6;6;4;1;1;5
3547;6;6;4;1;1;5
3548;6;6;4;3;1;5
3549;6;6;2;3;1;5
3550;6;6;3;3;1;5
3551;6;6;3;1;4;5
3552;6;6;3;1;4;5
3553;6;6;3;1;4;5
3554;6;6;3;1;4;5
3555;6;6;3;1;4;5
3556;6;6;3;1;4;5
3557;6;6;3;2;1;5
3558;5;5;3;1;4;5
3559;5;5;3;1;4;5
3560;5;5;3;1;4;5
3561;5;5;3;1;4;5
3562;5;5;3;2;2;5
3563;5;5;3;2;2;5
3564;5;5;3;1;1;5
3565;5;5;3;1;1;5
3566;5;5;3;2;1;5
3567;5;5;3;2;1;5
3568;5;6;3;1;2;5
3569;5;6;3;1;2;5
3570;5;6;3;1;2;5
3571;5;6;3;1;2;5
3572;5;6;3;1;2;5
3573;5;6;3;1;2;5
3574;5;6;4;3;2;5
3575;6;6;3;1;5;5
3576;6;6;3;1;5;5
3577;6;6;3;4;2;5
3578;6;6;3;4;2;5
3579;5;6;3;1;5;5
3580;5;6;3;1;5;5
3581;5;6;3;4;1;5
3582;5;6;3;4;1;5
3583;3;5;2;1;1;5
3584;3;5;2;1;1;5
3585;3;5;3;4;1;5
3586;3;5;3;4;1;5
3587;6;6;3;1;1;5
3588;6;6;3;1;1;5
3589;6;6;2;4;1;5
3590;6;6;2;4;1;5
3591;6;6;3;1;1;5
3592;6;6;3;1;1;5
3593;6;6;2;3;1;5
3594;3;5;3;1;1;5
3595;3;5;3;1;1;5
3596;3;5;3;3;1;5
3597;3;5;3;3;1;5
3600;6;6;3;4;5;5
3601;6;6;3;4;5;5
3602;6;6;3;2;1;5
3603;6;6;3;2;1;5
3604;3;5;2;1;1;5
3605;3;5;2;1;1;5
3608;6;6;3;1;1;5
3609;6;6;3;1;1;5
3610;4;5;3;1;5;5
3611;4;5;3;1;5;5
3612;4;5;3;1;5;5
3613;5;6;3;1;5;5
3614;5;6;3;1;5;5
3615;5;6;3;1;1;5
3616;5;6;3;1;1;5
3617;4;5;3;1;5;5
3618;4;5;3;1;5;5
3619;4;5;3;1;5;5
3620;4;5;3;1;5;5
3621;5;6;3;1;5;5
3622;5;6;3;1;5;5
3623;5;6;3;1;5;5
3624;5;6;3;1;5;5
3625;5;6;3;2;3;5
3626;5;6;3;2;3;5
3627;3;5;2;1;2;5
3628;3;5;2;1;2;5
3629;3;5;2;1;2;5
3630;3;5;2;1;2;5
3631;6;6;3;1;5;5
3632;6;6;3;1;5;5
3633;6;6;3;1;5;5
3634;6;6;3;1;5;5
3635;3;5;3;2;2;5
3636;3;5;3;2;2;5
3637;3;5;2;1;1;5
3638;3;5;2;1;1;5
3639;3;5;3;3;1;5
3640;3;5;3;3;1;5
3641;3;5;2;1;5;5
3642;3;5;2;1;5;5
3643;5;5;3;1;5;5
3644;5;5;3;1;5;5
3645;5;5;3;3;2;5
3646;6;6;3;1;5;5
3647;6;6;3;1;5;5
3648;6;6;3;3;5;5
3649;6;6;3;3;5;5
3650;5;5;3;1;1;5
3651;5;5;3;1;1;5
3652;5;5;3;3;1;5
3653;5;5;3;3;1;5
3654;5;5;3;1;1;5
3655;5;5;3;1;1;5
3656;5;5;3;2;1;5
3657;5;5;3;2;1;5
3658;6;6;3;1;2;5
3659;6;6;3;1;2;5
3660;6;6;3;2;2;5
3661;6;6;3;2;2;5
3662;5;5;3;1;1;5
3663;5;5;3;1;1;5
3664;5;5;4;1;1;5
3665;5;5;4;1;1;5
3666;5;5;3;1;2;5
3667;5;5;3;1;2;5
3668;5;5;3;1;2;5
3669;5;5;3;1;2;5
3670;6;6;4;1;1;5
3671;6;6;4;1;1;5
3672;6;6;3;1;1;5
3673;6;6;3;1;1;5
3674;6;6;4;1;1;5
3675;6;6;4;1;1;5
3676;6;6;3;1;1;5
3677;6;6;3;1;1;5
3678;6;6;4;1;2;5
3679;6;6;4;1;2;5
3680;6;6;4;1;2;5
3681;6;6;4;1;2;5
3682;4;5;3;1;2;5
3683;4;5;3;1;2;5
3684;4;5;4;1;2;5
3685;4;5;4;1;2;5
3686;6;6;4;1;2;5
3687;6;6;4;1;2;5
3688;4;5;3;1;1;5
3689;4;5;3;1;1;5
3690;4;5;3;1;1;5
3691;4;5;3;1;1;5
3692;4;5;2;1;1;5
3693;4;5;2;1;1;5
3694;4;5;3;1;1;5
3695;4;5;3;1;1;5
3696;3;5;2;1;1;5
3697;3;5;2;1;1;5
3698;3;5;3;1;1;5
3699;3;5;3;1;1;5
3700;6;6;5;1;1;5
3701;6;6;5;1;1;5
3702;6;6;4;1;1;5
3703;6;6;4;1;1;5
3704;6;6;5;3;1;5
3705;6;6;5;3;1;5
3706;6;6;4;1;1;5
3707;6;6;4;1;1;5
3708;6;6;4;1;1;5
3709;6;6;4;1;1;5
3710;4;5;3;1;1;5
3711;4;5;3;1;1;5
3712;4;5;3;1;1;5
3713;4;5;3;1;1;5
3714;6;6;4;1;1;5
3715;6;6;4;1;1;5
3716;6;6;3;1;1;5
3717;6;6;3;1;1;5
3718;4;5;3;1;1;5
3719;4;5;3;1;1;5
3720;5;5;2;1;1;5
3721;5;5;2;1;1;5
3722;5;5;3;1;1;5
3723;5;5;4;3;1;5
3724;5;5;4;3;1;5
3727;5;5;3;1;1;5
3728;5;5;3;1;1;5
3729;5;5;3;3;1;5
3730;5;5;4;3;1;5
3731;4;5;4;1;2;5
3732;5;5;3;1;2;5
3733;5;5;3;1;2;5
3734;5;5;3;3;2;5
3735;5;5;3;3;2;5
3737;4;5;3;1;2;5
3738;4;5;3;1;2;5
3739;4;5;2;1;2;5
3740;4;5;2;1;2;5
3741;5;5;3;1;1;5
3742;5;5;2;1;1;5
3743;4;5;3;1;1;5
3744;4;5;3;1;1;5
3745;4;5;3;1;2;5
3746;4;5;3;1;1;5
3747;4;5;3;1;1;5
3748;4;5;3;1;2;5
3749;4;5;3;1;2;5
3751;4;5;3;1;1;5
3752;4;5;3;1;1;5
3753;4;5;3;1;1;5
3754;4;4;3;1;1;5
3756;6;5;3;1;2;5
3757;6;5;3;1;2;5
3758;6;5;4;4;1;5
3759;6;5;4;4;1;5
3760;6;5;3;3;1;5
3761;6;5;3;3;1;5
3762;6;5;3;1;2;5
3763;6;5;3;1;2;5
3764;6;5;3;3;2;5
3765;6;5;3;3;2;5
3766;6;5;4;4;1;5
3767;6;5;4;4;1;5
3768;6;5;3;4;1;5
3769;6;5;3;4;1;5
3770;6;5;4;3;1;5
3771;6;5;4;3;1;5
3772;6;5;4;4;2;5
3773;6;5;4;4;2;5
3774;6;5;3;3;2;5
3775;6;5;3;3;2;5
3776;6;5;4;1;2;5
3777;6;5;4;1;2;5
3778;6;5;4;3;1;5
3779;6;5;4;3;1;5
3780;6;5;2;4;2;5
3781;6;5;2;4;2;5
3782;6;5;2;3;2;1
3783;6;5;2;3;2;1
3784;6;5;4;4;1;1
3785;6;5;4;4;1;1
3786;6;5;3;3;2;1
3787;6;5;3;3;2;1
3788;6;5;2;3;2;1
3789;6;5;2;3;2;1
3790;6;5;4;3;1;1
3791;6;5;4;3;1;1
3792;6;5;3;4;1;1
3793;6;5;3;4;1;1
3794;6;5;3;3;1;1
3795;6;5;3;3;1;1
3796;6;5;3;3;1;1
3797;6;5;3;3;1;1
3798;6;5;3;1;2;1
3799;6;5;3;1;2;1
3800;6;5;4;3;2;1
3801;6;5;4;3;2;1
3802;6;5;4;3;2;1
3803;6;5;4;3;2;1
3804;6;5;4;4;1;1
3805;6;5;4;4;1;1
3806;6;5;4;4;2;1
3807;6;5;4;4;2;1
3808;6;5;4;4;1;5
3809;6;5;4;4;1;5
3810;6;5;4;4;1;5
3811;6;5;4;4;1;5
3812;4;5;3;3;2;5
3813;4;5;3;3;2;5
3814;4;5;3;3;2;5
3815;4;5;3;3;2;5
3816;4;5;3;3;2;5
3817;4;5;3;3;2;5
3818;5;5;3;3;2;5
3819;5;5;3;3;2;5
3820;5;5;4;4;1;5
3821;5;5;4;4;1;5
3822;5;5;3;4;1;5
3823;5;5;3;4;1;5
3824;5;5;3;3;2;5
3825;5;5;3;3;2;5
3826;5;5;4;4;1;5
3827;5;5;4;4;1;5
3828;5;5;3;4;1;5
3829;5;5;3;4;1;5
3830;5;5;4;3;2;5
3831;5;5;4;3;2;5
3832;5;5;4;4;2;5
3833;5;5;4;4;2;5
3834;5;5;4;4;2;5
3835;5;5;4;4;2;5
3836;5;5;4;4;2;5
3837;5;5;4;4;2;5
3838;5;5;4;4;2;5
3839;5;5;4;4;2;5
3840;5;5;4;4;2;5
3841;5;5;4;4;2;5
3842;5;5;4;4;2;5
3843;5;5;4;4;2;5
3844;5;5;4;4;2;5
3845;5;5;4;4;2;5
3846;5;5;4;4;2;5
3847;5;5;4;4;2;5
3848;5;5;4;4;2;5
3849;5;5;4;4;2;5
3853;5;5;4;3;1;5
3854;5;5;4;3;1;5
3855;5;5;4;4;1;5
3856;5;5;4;4;1;5
3857;5;5;4;4;1;5
3858;5;5;4;4;1;5
3859;5;5;4;3;1;5
3860;5;5;4;3;1;5
3861;5;5;4;4;1;5
3862;5;5;4;4;1;5
3863;5;5;4;3;1;5
3864;5;5;4;3;1;5
3865;5;5;4;4;1;5
3866;5;5;4;4;1;5
3867;5;5;4;3;1;5
3868;5;5;4;3;1;5
3869;5;5;3;4;1;5
3870;5;5;3;4;1;5
3871;5;5;4;3;2;5
3872;5;5;4;3;2;5
3873;5;5;4;3;2;5
3874;5;5;4;3;2;5
3875;5;5;4;4;2;5
3876;5;5;4;3;5;5
3877;5;5;4;3;5;5
3878;5;5;4;3;2;5
3879;5;5;4;3;2;5
3880;5;5;4;3;2;5
3881;5;5;4;3;2;5
3882;5;5;4;3;1;5
3883;5;5;4;3;1;5
3884;5;5;5;1;1;5
3885;5;5;5;1;1;5
3886;5;5;5;2;1;5
3887;5;5;5;2;1;5
3888;5;5;4;3;1;5
3889;5;5;4;3;1;5
3890;5;5;4;3;1;5
3891;5;5;4;3;1;5
3892;5;5;4;4;1;5
3893;5;5;4;4;1;5
3896;5;5;2;1;3;5
3897;5;5;2;1;3;5
3898;5;5;3;4;2;5
3899;5;5;3;4;2;5
3900;5;5;3;4;2;5
3901;5;5;3;4;2;5
3902;5;5;3;1;2;5
3903;5;5;3;1;2;5
3904;5;5;3;4;2;5
3905;5;5;3;4;2;5
3906;5;5;4;5;2;5
3907;5;5;4;5;2;5
3908;5;5;4;1;2;5
3909;5;5;4;1;2;5
3910;5;5;3;4;1;5
3911;5;5;3;4;1;5
3912;5;5;4;4;2;5
3913;5;5;4;4;2;5
3914;5;5;5;1;1;5
3915;5;5;5;1;1;5
3916;5;5;5;1;1;5
3917;5;5;5;1;1;5
3918;3;3;3;1;1;5
3919;3;3;3;1;1;5
3920;3;3;4;4;2;5
3921;3;3;4;4;2;5
3922;3;3;4;4;2;5
3923;3;3;4;4;2;5
3924;4;4;3;1;1;5
3925;4;4;3;1;1;5
3926;4;4;4;4;1;5
3927;4;4;4;4;1;5
3928;4;4;4;4;2;5
3929;4;4;4;4;2;5
3930;5;5;3;1;2;5
3931;5;5;3;1;2;5
3932;5;5;4;4;2;5
3933;5;5;4;4;2;5
3934;5;5;4;5;2;5
3935;5;5;4;5;2;5
3936;5;5;5;1;1;5
3937;5;5;5;1;1;5
3938;5;5;3;1;2;5
3939;5;5;3;1;2;5
3940;5;5;3;4;2;5
3941;5;5;3;4;2;5
3942;5;5;2;5;2;5
3943;5;5;2;5;2;5
3944;5;5;5;1;1;5
3945;5;5;5;1;1;5
3946;5;5;4;4;2;5
3947;5;5;4;4;2;5
3948;5;5;4;4;2;5
3949;5;5;4;4;2;5
3950;5;5;4;4;2;5
3951;5;5;4;4;2;5
3952;5;5;4;1;1;5
3953;5;5;4;1;1;5
3954;5;5;3;4;1;5
3955;5;5;3;4;1;5
3956;5;5;3;4;1;5
3957;5;5;3;4;1;5
3958;5;5;5;3;1;5
3959;5;5;5;3;1;5
3960;5;5;3;1;1;5
3961;5;5;3;1;1;5
3962;5;5;2;3;1;5
3963;5;5;2;3;1;5
3964;5;5;2;3;1;5
3965;5;5;2;3;1;5
3966;6;6;3;4;2;1
3967;6;6;3;4;2;1
3968;6;6;5;3;5;5
3969;6;6;5;3;5;5
3970;6;6;5;4;5;5
3971;6;6;5;4;5;5
3972;6;6;2;4;2;5
3973;6;6;2;4;2;5
3974;6;6;3;5;2;5
3975;6;6;3;5;2;5
3976;3;3;4;3;1;5
3977;3;3;4;3;1;5
3978;3;3;3;4;1;5
3979;3;3;3;4;1;5
3980;3;3;4;4;1;5
3981;3;3;4;4;1;5
3982;2;2;3;3;2;5
3983;2;2;3;3;2;5
3984;2;2;3;5;2;5
3985;2;2;3;5;2;5
3986;2;2;2;3;2;5
3987;2;2;2;3;2;5
3988;2;2;3;5;2;5
3989;2;2;3;5;2;5
3990;2;2;2;3;2;5
3991;2;2;2;3;2;5
3992;2;2;3;4;2;5
3993;2;2;3;4;2;5
3994;2;2;2;3;2;5
3995;2;2;2;3;2;5
3996;2;3;4;2;2;5
3997;2;3;4;2;2;5
3998;2;2;4;2;2;5
3999;2;2;4;2;2;5
4000;2;2;5;1;2;5
4001;2;2;5;1;2;5
4002;1;1;5;1;2;5
4003;1;1;5;1;2;5
4004;2;3;5;1;2;5
4005;2;3;5;1;2;5
4006;1;1;5;1;2;5
4007;1;1;5;1;2;5
4008;1;1;5;2;2;5
4009;1;1;5;2;2;5
4010;1;1;5;2;2;5
4011;1;1;5;2;2;5
4012;1;1;5;3;2;5
4013;1;1;5;3;2;5
4014;1;1;5;2;2;5
4015;1;1;5;2;2;5
4016;1;1;5;2;2;5
4017;1;1;5;2;2;5
4018;1;1;5;3;2;5
4019;1;1;5;3;2;5
4020;1;1;3;2;3;5
4021;1;1;3;2;3;5
4022;1;1;5;3;3;5
4023;1;1;5;3;3;5
4024;1;1;2;2;3;5
4025;1;1;2;2;3;5
4026;1;1;5;2;2;5
4027;1;1;5;2;2;5
4029;1;1;5;2;2;5
4030;1;1;5;2;2;5
4031;1;1;5;1;2;5
4032;1;1;5;1;2;5
4033;1;1;4;1;2;5
4034;1;1;4;1;2;5
4035;1;1;5;1;2;5
4036;1;1;5;1;2;5
4037;1;1;4;1;2;5
4038;1;1;4;1;2;5
4039;1;1;5;1;2;5
4040;1;1;5;1;2;5
4041;1;1;4;1;2;5
4042;1;1;4;1;2;5
4043;1;1;4;1;2;5
4044;1;1;4;1;2;5
4045;1;1;4;1;2;5
4046;1;1;4;1;2;5
4048;5;5;5;3;5;5
4049;5;5;5;3;5;5
4050;5;5;2;4;2;5
4051;5;5;2;4;2;5
4052;5;5;5;3;5;5
4053;5;5;5;3;5;5
4054;5;5;3;4;2;5
4055;5;5;3;4;2;5
4056;5;5;5;3;5;5
4057;5;5;5;3;5;5
4058;5;5;3;4;2;5
4059;5;5;3;4;2;5
4060;5;5;3;4;2;5
4061;5;5;3;4;2;5
4062;5;5;5;1;1;5
4063;5;5;5;1;1;5
4064;5;5;4;3;1;5
4065;5;5;4;3;1;5
4066;5;5;2;3;5;5
4067;5;5;2;3;5;5
4068;5;5;5;1;1;5
4069;5;5;5;1;1;5
4070;5;5;3;3;1;5
4071;5;5;3;3;1;5
4072;5;5;3;4;1;5
4073;5;5;3;4;1;5
4074;5;5;4;3;1;5
4075;5;5;4;3;1;5
4076;5;5;4;3;1;5
4077;5;5;4;3;1;5
4078;5;5;4;4;1;5
4079;5;5;4;4;1;5
4080;5;5;3;3;1;5
4081;5;5;3;3;1;5
4082;5;5;3;3;1;5
4083;5;5;3;3;1;5
4084;5;5;3;3;1;5
4085;5;5;3;3;1;5
4086;5;5;5;2;2;5
4087;5;5;5;2;2;5
4088;5;5;3;3;2;5
4089;5;5;3;3;2;5
4090;5;5;2;2;2;5
4091;5;5;2;2;2;5
4092;1;1;5;2;3;5
4093;1;1;5;2;3;5
4094;5;5;2;1;1;5
4095;5;5;2;1;1;5
4096;5;5;3;4;1;5
4097;5;5;3;4;1;5
4098;5;5;4;4;1;5
4099;5;5;4;4;1;5
4100;2;2;5;2;3;5
4101;2;2;5;2;3;5
4102;3;3;5;2;3;5
4103;3;3;5;2;3;5
4104;3;3;5;2;2;5
4105;3;3;5;2;2;5
4106;3;3;5;2;2;5
4107;3;3;5;2;2;5
4109;3;3;5;1;2;5
4110;3;3;5;1;2;5
4111;3;3;5;1;2;5
4112;3;3;5;1;2;5
4113;4;4;5;1;2;5
4114;4;4;5;1;2;5
4115;4;4;5;1;2;5
4116;4;4;5;1;2;5
4117;5;5;5;1;2;5
4118;5;5;5;1;2;5
4119;5;5;5;3;2;5
4120;5;5;5;3;2;5
4121;5;5;4;2;2;5
4122;5;5;4;2;2;5
4123;5;5;4;2;2;5
4124;5;5;4;2;2;5
4125;5;5;5;2;2;5
4126;5;5;5;2;2;5
4127;5;5;5;2;2;5
4128;5;5;5;2;2;5
4130;4;4;2;3;3;5
4131;4;4;2;3;3;5
4132;4;4;3;4;2;5
4133;4;4;3;4;2;5
4134;2;2;2;3;2;5
4135;2;2;2;3;2;5
4136;2;2;2;4;2;5
4137;2;2;2;4;2;5
4138;5;5;3;3;2;5
4139;5;5;3;3;2;5
4140;5;5;3;4;1;5
4141;5;5;3;4;1;5
4142;2;2;3;3;1;5
4143;2;2;3;3;1;5
4144;2;2;2;4;1;5
4145;2;2;2;4;1;5
4146;5;5;2;3;1;5
4147;5;5;2;3;1;5
4148;5;5;3;4;1;5
4149;5;5;3;4;1;5
4150;2;2;2;3;1;5
4151;2;2;2;3;1;5
4152;2;2;2;4;1;5
4153;2;2;2;4;1;5
4154;2;2;3;4;1;5
4155;2;2;3;4;1;5
4156;6;6;3;3;1;5
4157;6;6;3;3;1;5
4158;6;6;3;4;1;5
4159;6;6;3;4;1;5
4160;6;6;5;1;1;5
4161;6;6;5;1;1;5
4162;6;6;5;3;1;5
4163;6;6;5;3;1;5
4164;6;6;4;3;1;5
4165;6;6;4;3;1;5
4166;6;6;4;3;1;5
4167;6;6;4;3;1;5
4168;6;6;4;4;1;5
4169;6;6;4;4;1;5
4170;6;6;4;4;1;5
4171;6;6;4;4;1;5
4172;3;3;3;3;2;5
4173;3;3;3;3;2;5
4174;3;3;4;4;1;5
4175;3;3;4;4;1;5
4176;3;3;4;5;2;5
4177;3;3;4;5;2;5
4178;4;4;3;3;1;5
4179;4;4;3;3;1;5
4180;4;4;4;3;2;5
4181;4;4;4;3;2;5
4182;4;4;4;4;2;5
4183;4;4;4;4;2;5
4184;5;5;3;3;1;5
4185;5;5;3;3;1;5
4186;5;5;4;4;2;5
4187;5;5;4;4;2;5
4188;5;5;2;4;2;5
4189;5;5;2;4;2;5
4190;5;5;5;1;1;5
4191;5;5;5;1;1;5
4192;5;5;3;3;1;5
4193;5;5;3;3;1;5
4194;5;5;3;4;2;5
4195;5;5;3;4;2;5
4196;5;5;4;4;2;5
4197;5;5;4;4;2;5
4198;5;5;3;3;2;5
4199;5;5;3;3;2;5
4200;5;5;4;4;1;5
4201;5;5;4;4;1;5
4202;5;5;3;5;2;5
4203;5;5;3;5;2;5
4204;2;2;3;3;1;5
4205;2;2;3;3;1;5
4206;2;2;2;4;2;5
4207;2;2;2;4;2;5
4208;2;2;4;3;2;5
4209;2;2;4;3;2;5
4210;2;2;4;4;2;5
4211;2;2;4;4;2;5
4212;5;5;3;3;2;5
4213;5;5;3;3;2;5
4214;5;5;3;4;2;5
4215;5;5;3;4;2;5
4216;2;2;3;3;2;5
4217;2;2;3;3;2;5
4218;2;2;3;4;2;5
4219;2;2;3;4;2;5
4220;5;5;4;3;1;5
4221;5;5;4;3;1;5
4222;2;2;4;3;1;1
4223;2;2;4;3;1;1
4224;2;2;2;3;2;1
4225;2;2;2;3;2;1
4226;5;5;4;3;2;1
4227;5;5;4;3;2;1
4228;5;5;2;3;2;1
4229;5;5;2;3;2;1
4230;6;6;3;3;2;5
4231;6;6;3;3;2;5
4232;6;6;4;3;2;5
4233;6;6;4;3;2;5
4234;6;6;4;3;2;5
4235;6;6;4;3;2;5
4236;6;6;4;3;2;5
4237;6;6;4;3;2;5
4238;6;6;4;3;2;5
4239;6;6;4;3;2;5
4241;5;5;3;3;1;5
4242;5;5;3;3;1;5
4243;5;5;3;4;1;5
4244;5;5;3;4;1;5
4245;3;3;3;3;2;5
4246;3;3;3;3;2;5
4247;3;3;5;4;2;5
4248;3;3;5;4;2;5
4249;2;2;3;3;2;5
4250;2;2;3;3;2;5
4251;2;2;4;4;2;5
4252;2;2;4;4;2;5
4253;5;5;3;3;2;5
4254;5;5;3;3;2;5
4255;5;5;4;4;2;5
4256;5;5;4;4;2;5
4257;2;2;3;3;2;5
4258;2;2;3;3;2;5
4259;2;2;4;4;2;5
4260;2;2;4;4;2;5
4261;5;5;3;3;1;5
4262;5;5;3;3;1;5
4263;5;5;4;4;1;5
4264;5;5;4;4;1;5
4265;5;5;3;4;1;5
4266;5;5;3;4;1;5
4267;2;2;2;3;1;5
4268;2;2;2;3;1;5
4269;2;2;3;4;1;5
4270;2;2;3;4;1;5
4271;2;2;3;4;1;5
4272;2;2;3;4;1;5
4273;2;2;4;3;1;5
4274;2;2;4;3;1;5
4275;2;2;4;4;1;5
4276;2;2;4;4;1;5
4277;5;5;4;3;1;5
4278;5;5;4;3;1;5
4279;5;5;4;4;1;5
4280;5;5;4;4;1;5
4281;5;5;5;3;1;5
4282;5;5;5;3;1;5
4283;5;5;5;3;1;5
4284;5;5;5;3;1;5
4285;5;5;3;4;2;5
4286;5;5;3;4;2;5
4287;5;5;5;3;1;5
4288;5;5;5;3;1;5
4289;5;5;3;4;1;5
4290;5;5;3;4;1;5
4291;5;5;4;3;1;5
4292;5;5;4;3;1;5
4293;5;5;5;3;1;5
4294;5;5;5;3;1;5
4295;5;5;4;3;1;5
4296;5;5;4;3;1;5
4297;5;5;4;3;1;5
4298;5;5;4;3;1;5
4299;5;5;4;3;1;5
4300;5;5;4;3;1;5
4301;5;5;4;3;1;5
4302;5;5;4;3;1;5
4303;4;4;4;3;1;5
4304;4;4;4;3;1;5
4305;4;4;4;3;1;5
4306;4;4;4;3;1;5
4307;4;4;5;1;1;5
4308;4;4;5;1;1;5
4309;5;5;4;3;1;5
4310;5;5;4;3;1;5
4311;5;5;3;4;1;5
4312;5;5;3;4;1;5
4313;3;3;4;3;2;5
4314;3;3;4;3;2;5
4315;3;3;4;3;2;5
4316;3;3;4;3;2;5
4317;3;3;4;3;1;5
4318;3;3;4;3;1;5
4319;3;3;3;2;1;5
4320;3;3;3;2;1;5
4321;3;3;3;4;1;5
4322;3;3;3;4;1;5
4323;3;3;3;1;1;5
4324;3;3;3;1;1;5
4325;3;3;5;1;1;5
4326;3;3;5;1;1;5
4327;3;3;2;1;1;5
4328;3;3;2;1;1;5
4329;3;3;3;4;1;5
4330;3;3;3;4;1;5
4331;3;3;3;4;1;5
4332;3;3;3;4;1;5
4333;4;4;2;1;1;5
4334;4;4;2;1;1;5
4335;4;4;3;4;1;5
4336;4;4;3;4;1;5
4337;2;2;3;1;2;5
4338;2;2;3;1;2;5
4339;5;5;3;1;2;5
4340;5;5;3;1;2;5
4341;5;5;4;4;1;5
4342;5;5;4;4;1;5
4343;5;5;5;1;2;5
4344;5;5;5;1;2;5
4345;6;6;5;1;2;5
4346;6;6;5;1;2;5
4347;6;6;4;3;2;5
4348;6;6;4;3;2;5
4349;6;6;4;1;1;5
4350;6;6;4;1;1;5
4351;6;6;4;1;1;5
4352;6;6;4;1;1;5
4353;6;6;4;4;1;5
4354;6;6;4;4;1;5
4355;6;6;3;1;1;5
4356;6;6;3;1;1;5
4357;5;5;3;1;1;5
4358;5;5;3;1;1;5
4359;5;5;4;4;1;5
4360;5;5;4;4;1;5
4361;5;5;5;1;1;5
4362;5;5;5;1;1;5
4363;5;5;5;1;1;5
4364;5;5;5;1;1;5
4365;5;5;3;1;1;5
4366;5;5;3;1;1;5
4367;5;5;4;4;2;5
4368;5;5;4;4;2;5
4369;4;4;3;1;1;5
4370;4;4;3;1;1;5
4371;4;4;4;4;2;5
4372;4;4;4;4;2;5
4373;4;4;4;3;2;5
4374;4;4;4;3;2;5
4375;4;4;3;3;2;5
4376;4;4;3;3;2;5
4378;5;5;4;1;1;5
4379;5;5;4;1;1;5
4380;5;5;4;4;1;5
4381;5;5;4;4;1;5
4382;5;5;2;4;2;5
4383;5;5;2;4;2;5
4384;2;2;3;1;2;5
4385;2;2;3;1;2;5
4386;2;2;4;4;1;5
4387;2;2;4;4;1;5
4388;2;2;3;4;1;5
4389;2;2;3;4;1;5
4390;5;5;2;1;2;5
4391;5;5;2;1;2;5
4392;5;5;3;4;1;5
4393;5;5;3;4;1;5
4394;5;5;4;4;1;5
4395;5;5;4;4;1;5
4396;5;5;5;1;1;5
4397;5;5;5;1;1;5
4398;5;5;3;1;2;5
4399;5;5;3;1;2;5
4400;5;5;5;1;1;5
4401;5;5;5;1;1;5
4402;5;5;5;1;1;5
4403;5;5;5;1;1;5
4404;2;2;5;1;1;5
4405;2;2;5;1;1;5
4406;2;2;3;4;1;5
4407;2;2;3;4;1;5
4408;2;2;3;4;1;5
4409;2;2;3;4;1;5
4410;5;5;3;1;3;1
4411;5;5;3;1;3;1
4412;5;5;3;4;2;1
4413;5;5;3;4;2;1
4414;2;2;4;1;1;5
4415;2;2;4;1;1;5
4416;2;2;3;4;2;5
4417;2;2;3;4;2;5
4418;2;2;4;4;2;5
4419;2;2;4;4;2;5
4420;2;2;4;1;1;5
4421;2;2;4;1;1;5
4422;2;2;4;5;1;5
4423;2;2;4;5;1;5
4424;2;2;3;5;1;5
4425;2;2;3;5;1;5
4426;5;5;3;1;1;5
4427;5;5;3;1;1;5
4428;5;5;3;3;1;5
4429;5;5;3;3;1;5
4430;2;2;3;1;2;5
4431;2;2;3;1;2;5
4432;2;2;2;4;2;5
4433;2;2;2;4;2;5
4434;2;2;3;4;2;5
4435;2;2;3;4;2;5
4436;5;5;3;1;2;5
4437;5;5;3;1;2;5
4438;5;5;2;4;2;5
4439;5;5;2;4;2;5
4440;5;5;3;4;2;5
4441;5;5;3;4;2;5
4442;2;2;2;1;2;5
4443;2;2;2;1;2;5
4444;2;2;3;4;2;5
4445;2;2;3;4;2;5
4446;2;2;4;4;2;5
4447;2;2;4;4;2;5
4448;5;5;3;1;1;5
4449;5;5;3;1;1;5
4450;5;5;4;4;2;5
4451;5;5;4;4;2;5
4452;5;5;4;4;2;5
4453;5;5;4;4;2;5
4454;2;2;2;1;2;5
4455;2;2;2;1;2;5
4456;2;2;3;4;2;5
4457;2;2;3;4;2;5
4458;5;5;2;1;3;5
4459;5;5;2;1;3;5
4460;5;5;2;4;2;5
4461;5;5;2;4;2;5
4462;5;5;3;1;1;5
4463;5;5;3;1;1;5
4464;5;5;3;4;1;5
4465;5;5;3;4;1;5
4466;5;5;5;1;1;5
4467;5;5;5;1;1;5
4468;5;5;5;1;1;5
4469;5;5;5;1;1;5
4470;5;5;5;1;5;5
4471;5;5;5;1;5;5
4472;5;5;2;4;2;5
4473;5;5;2;4;2;5
4474;5;5;4;4;2;5
4475;5;5;4;4;2;5
4476;5;5;4;1;5;5
4477;5;5;4;1;5;5
4478;5;5;2;3;2;5
4479;5;5;2;3;2;5
4480;5;5;4;4;2;5
4481;5;5;4;4;2;5
4482;5;5;5;1;1;5
4483;5;5;5;1;1;5
4484;4;4;4;1;1;5
4485;4;4;4;1;1;5
4486;4;4;3;3;2;5
4487;4;4;3;3;2;5
4488;4;4;4;4;2;5
4489;4;4;4;4;2;5
4490;4;4;3;1;1;5
4491;4;4;3;1;1;5
4492;4;4;3;3;2;5
4493;4;4;3;3;2;5
4494;4;4;4;4;5;5
4495;4;4;4;4;5;5
4496;2;2;3;1;2;5
4497;2;2;3;1;2;5
4498;2;2;2;4;2;5
4499;2;2;2;4;2;5
4500;2;2;3;4;2;5
4501;2;2;3;4;2;5
4502;5;5;4;1;1;5
4503;5;5;4;1;1;5
4504;5;5;4;3;1;5
4505;5;5;4;3;1;5
4506;2;2;4;1;1;5
4507;2;2;4;1;1;5
4508;2;2;2;4;1;5
4509;2;2;2;4;1;5
4510;5;5;4;1;1;5
4511;5;5;4;1;1;5
4512;5;5;4;3;1;5
4513;5;5;4;3;1;5
4514;5;5;4;4;1;5
4515;5;5;4;4;1;5
4516;5;5;4;1;1;5
4517;5;5;4;1;1;5
4518;3;3;3;1;2;5
4519;3;3;3;1;2;5
4520;4;4;2;1;2;5
4521;4;4;2;1;2;5
4522;4;4;2;4;2;5
4523;4;4;2;4;2;5
4524;4;4;3;4;2;5
4525;4;4;3;4;2;5
4526;5;5;3;1;2;5
4527;5;5;3;1;2;5
4528;5;5;4;4;2;5
4529;5;5;4;4;2;5
4530;5;5;3;4;2;5
4531;5;5;3;4;2;5
Geo-1;4;4;1;1;1;5
Geo-10;3;4;1;1;1;5
Geo-100;1;2;1;1;1;5
Geo-101;1;2;1;1;1;5
Geo-102;2;3;1;1;1;5
Geo-103;2;3;1;1;1;5
Geo-104;2;2;1;1;1;5
Geo-105;2;2;1;1;1;5
Geo-106;1;2;1;1;1;5
Geo-107;1;2;1;1;1;5
Geo-108;1;3;1;1;1;5
Geo-109;1;2;1;1;1;5
Geo-11;3;4;2;1;1;5
Geo-110;1;2;1;1;1;5
Geo-111;1;2;1;1;1;5
Geo-113;1;2;1;1;1;5
Geo-114;1;2;1;1;1;5
Geo-115;2;3;1;1;1;5
Geo-116;1;2;1;1;1;5
Geo-117;2;3;1;1;1;5
Geo-118;3;4;1;1;1;5
Geo-119;1;2;1;1;1;5
Geo-12;2;3;1;1;1;5
Geo-120;1;2;1;1;1;5
Geo-121;2;3;1;1;1;5
Geo-123;2;3;1;1;1;5
Geo-124;1;2;1;1;1;5
Geo-125;2;3;1;1;1;5
Geo-126;2;3;1;1;1;5
Geo-127;4;4;1;1;1;5
Geo-128;2;3;1;1;1;5
Geo-129;3;4;1;1;1;5
Geo-13;3;4;1;1;1;5
Geo-130;2;3;1;1;1;5
Geo-131;3;3;1;1;1;5
Geo-133;1;3;1;1;1;5
Geo-134;1;2;1;1;1;5
Geo-135;2;3;2;1;1;5
Geo-136;1;2;1;1;1;5
Geo-137;3;4;1;1;1;5
Geo-138;2;3;1;1;1;5
Geo-139;4;4;1;1;1;5
Geo-14;2;3;1;1;1;5
Geo-140;3;3;1;1;1;5
Geo-141;2;3;1;1;1;5
Geo-142;3;4;1;1;1;5
Geo-145;2;3;1;1;1;5
Geo-146;1;2;1;1;1;5
Geo-147;3;4;1;1;1;5
Geo-148;4;5;1;1;1;5
Geo-149;4;5;1;1;1;5
Geo-15;1;2;1;1;1;5
Geo-150;3;4;1;1;1;5
Geo-151;2;3;1;1;1;5
Geo-152;3;4;1;1;1;5
Geo-153;3;4;1;1;1;5
Geo-154;2;4;1;1;1;5
Geo-155;2;2;1;1;1;5
Geo-156;2;3;1;1;1;5
Geo-157;2;3;2;1;1;5
Geo-158;5;5;4;1;1;5
Geo-159;5;5;4;1;1;5
Geo-16;2;3;1;1;1;5
Geo-160;1;2;1;1;1;5
Geo-161;3;2;1;1;1;5
Geo-163;2;3;2;1;1;5
Geo-165;1;3;1;1;1;5
Geo-166;1;2;1;1;1;5
Geo-167;1;2;1;1;1;5
Geo-169;1;2;1;1;1;5
Geo-17;2;3;1;1;1;5
Geo-170;1;2;1;1;1;5
Geo-171;3;3;1;1;1;5
Geo-172;2;3;1;1;1;5
Geo-173;1;2;1;1;1;5
Geo-174;2;3;1;1;1;5
Geo-175;1;3;1;1;1;5
Geo-176;3;4;1;1;1;5
Geo-178;1;2;1;1;1;5
Geo-18;3;3;1;1;1;5
Geo-180;2;3;2;1;1;5
Geo-182;4;5;1;1;1;5
Geo-183;2;2;1;1;1;5
Geo-185;1;2;1;1;1;5
Geo-186;1;2;1;1;1;5
Geo-187;1;2;1;1;1;5
Geo-188;1;2;1;1;1;5
Geo-19;3;4;1;1;1;5
Geo-191;1;2;1;1;1;5
Geo-192;2;3;1;1;1;5
Geo-193;1;2;1;1;1;5
Geo-196;2;3;2;1;1;5
Geo-197;1;2;1;1;1;5
Geo-198;3;4;1;1;1;5
Geo-199;1;2;1;1;1;5
Geo-2;3;4;2;1;1;5
Geo-20;3;4;1;1;1;5
Geo-200;1;2;1;1;1;5
Geo-201;1;2;1;1;1;5
Geo-202;1;2;1;1;1;5
Geo-203;1;2;1;1;1;5
Geo-204;2;3;1;1;1;5
Geo-205;2;3;1;1;1;5
Geo-206;3;4;2;1;1;5
Geo-207;2;3;1;1;1;5
Geo-208;3;4;1;1;1;5
Geo-209;3;4;1;1;1;5
Geo-21;4;4;1;1;1;5
Geo-211;1;2;1;1;1;5
Geo-212;1;2;1;1;1;5
Geo-213;2;3;1;1;1;5
Geo-214;4;5;3;1;1;5
Geo-215;2;2;1;1;1;5
Geo-216;2;3;1;1;1;5
Geo-217;2;3;1;1;1;5
Geo-22;4;4;1;1;1;5
Geo-220;1;2;1;1;1;5
Geo-222;2;3;1;1;1;5
Geo-223;3;4;1;1;1;5
Geo-224;4;5;2;1;1;5
Geo-226;4;5;1;1;1;5
Geo-227;1;2;1;1;1;5
Geo-229;2;3;2;1;1;5
Geo-23;2;3;1;1;1;5
Geo-230;1;2;1;1;1;5
Geo-231;1;2;1;1;1;5
Geo-232;1;2;1;1;1;5
Geo-233;1;2;1;1;1;5
Geo-234;1;2;1;1;1;5
Geo-235;1;2;1;1;1;5
Geo-236;1;2;1;1;1;5
Geo-237;1;2;1;1;1;5
Geo-238;3;3;1;1;2;5
Geo-239;3;3;1;1;5;5
Geo-24;2;3;1;1;1;5
Geo-240;3;3;1;1;1;5
Geo-241;5;5;1;1;2;5
Geo-242;3;3;1;1;1;5
Geo-243;2;3;1;1;1;5
Geo-244;3;3;1;1;1;5
Geo-245;2;3;1;1;3;5
Geo-246;2;3;1;1;3;5
Geo-247;2;3;1;1;2;5
Geo-248;2;3;1;1;1;5
Geo-249;3;4;1;1;1;5
Geo-25;2;4;1;1;2;5
Geo-250;3;4;2;1;4;5
Geo-251;4;4;2;1;1;5
Geo-252;4;4;2;1;2;5
Geo-253;2;2;1;1;5;5
Geo-258;3;3;1;1;1;5
Geo-259;1;2;1;1;1;5
Geo-26;3;4;1;1;1;5
Geo-260;1;2;1;1;1;5
Geo-262;1;2;1;1;1;5
Geo-263;1;2;1;1;1;5
Geo-264;1;2;1;1;1;5
Geo-265;1;2;1;1;1;5
Geo-266;3;4;1;1;1;5
Geo-267;1;2;1;1;1;5
Geo-268;2;2;1;1;1;5
Geo-269;1;2;1;1;1;5
Geo-27;3;4;1;1;1;5
Geo-270;1;2;1;1;1;5
Geo-271;1;2;1;1;1;5
Geo-272;1;2;1;1;1;5
Geo-273;3;2;1;1;1;5
Geo-274;1;2;1;1;1;5
Geo-275;4;4;1;1;3;5
Geo-276;1;2;1;1;1;5
Geo-277;4;4;1;1;1;5
Geo-278;1;2;1;1;1;5
Geo-279;2;3;1;1;1;5
Geo-28;2;3;2;1;1;5
Geo-280;2;3;1;1;1;5
Geo-281;2;2;1;1;1;5
Geo-282;2;2;1;1;1;5
Geo-289;1;2;1;1;1;5
Geo-29;3;4;2;1;1;5
Geo-290;1;2;1;1;1;5
Geo-291;1;2;1;1;1;5
Geo-298;1;2;1;1;1;5
Geo-3;3;4;1;1;1;5
Geo-30;4;4;1;1;1;5
Geo-301;1;2;1;1;1;5
Geo-302;1;2;1;1;1;5
Geo-303;1;2;1;1;1;5
Geo-307;1;2;1;1;1;5
Geo-308;1;2;1;1;1;5
Geo-309;1;2;1;1;1;5
Geo-31;2;3;1;1;1;5
Geo-310;1;2;1;1;1;5
Geo-312;1;2;1;1;1;5
Geo-314;1;2;1;1;1;5
Geo-315;1;2;1;1;1;5
Geo-316;1;2;1;1;1;5
Geo-317;1;2;1;1;1;5
Geo-318;5;3;1;1;2;5
Geo-319;3;3;1;1;1;5
Geo-32;2;4;1;1;1;5
Geo-320;5;4;2;1;2;5
Geo-321;2;3;1;1;1;5
Geo-322;4;4;1;1;2;5
Geo-323;1;2;1;1;1;5
Geo-324;4;4;1;1;1;5
Geo-325;5;5;1;1;2;5
Geo-326;1;2;1;1;1;5
Geo-327;1;2;1;1;1;5
Geo-330;1;2;1;1;1;5
Geo-331;1;1;1;1;1;5
Geo-332;1;1;1;1;1;5
Geo-333;3;2;1;1;1;5
Geo-334;1;2;1;1;1;5
Geo-335;1;2;1;1;1;5
Geo-336;1;2;1;1;1;5
Geo-339;1;2;1;1;1;5
Geo-34;1;2;1;1;1;5
Geo-340;1;2;1;1;1;5
Geo-341;2;3;1;1;1;5
Geo-342;3;3;1;1;1;5
Geo-343;1;2;1;1;1;5
Geo-344;1;2;1;1;1;5
Geo-345;1;2;1;1;1;5
Geo-346;1;2;1;1;1;5
Geo-347;2;2;1;1;1;5
Geo-348;1;2;1;1;1;5
Geo-349;1;2;1;1;1;5
Geo-35;4;4;2;1;2;5
Geo-350;3;3;1;1;1;5
Geo-351;1;2;1;1;1;5
Geo-352;1;2;1;1;1;5
Geo-353;1;2;1;1;1;5
Geo-354;1;2;1;1;1;5
Geo-355;3;3;1;1;1;5
Geo-356;2;3;1;1;1;5
Geo-357;1;2;1;1;1;5
Geo-358;1;2;1;1;1;5
Geo-359;1;2;1;1;1;5
Geo-36;3;4;1;1;1;5
Geo-360;1;2;1;1;1;5
Geo-361;1;2;1;1;1;5
Geo-362;1;2;1;1;1;5
Geo-363;2;2;1;1;1;5
Geo-364;1;2;1;1;1;5
Geo-365;1;2;1;1;1;5
Geo-366;3;3;1;1;1;5
Geo-367;4;4;1;1;1;5
Geo-368;4;4;1;1;1;5
Geo-369;5;5;1;1;1;5
Geo-37;2;3;1;1;1;5
Geo-370;1;2;1;1;1;5
Geo-371;1;2;1;1;1;5
Geo-372;1;2;1;1;1;5
Geo-373;2;3;1;1;1;5
Geo-374;1;2;1;1;1;5
Geo-377;1;1;1;1;1;5
Geo-38;4;4;2;1;1;5
Geo-380;1;2;1;1;1;5
Geo-381;1;2;1;1;1;5
Geo-39;1;2;1;1;1;5
Geo-4;3;4;2;1;1;5
Geo-40;1;2;1;1;1;5
Geo-41;1;2;1;1;1;5
Geo-42;1;2;1;1;1;5
Geo-43;2;3;1;1;1;5
Geo-44;1;2;1;1;1;5
Geo-45;1;2;1;1;1;5
Geo-46;1;2;1;1;1;5
Geo-47;3;3;1;1;1;5
Geo-48;3;4;1;1;1;5
Geo-49;2;3;1;1;1;5
Geo-5;3;4;1;1;1;5
Geo-50;2;3;1;1;1;5
Geo-51;1;2;1;1;1;5
Geo-52;1;2;1;1;1;5
Geo-53;3;4;1;1;1;5
Geo-54;2;3;1;1;1;5
Geo-55;2;3;1;1;1;5
Geo-56;1;2;1;1;1;5
Geo-57;1;2;1;1;1;5
Geo-58;2;3;1;1;1;5
Geo-59;2;3;1;1;1;5
Geo-6;5;4;3;1;1;5
Geo-60;2;3;1;1;1;5
Geo-61;3;4;1;1;1;5
Geo-62;2;3;1;1;1;5
Geo-63;1;2;1;1;1;5
Geo-64;2;3;1;1;1;5
Geo-65;1;2;1;1;1;5
Geo-66;4;4;2;1;1;5
Geo-67;3;4;1;1;1;5
Geo-68;4;4;1;1;1;5
Geo-69;3;4;1;1;1;5
Geo-7;3;4;2;1;1;5
Geo-70;3;4;1;1;1;5
Geo-71;2;3;1;1;1;5
Geo-72;3;3;1;1;1;5
Geo-73;3;4;1;1;1;5
Geo-74;1;2;1;1;1;5
Geo-75;3;4;1;1;1;5
Geo-76;3;3;1;1;1;5
Geo-77;2;3;1;1;1;5
Geo-78;1;2;1;1;1;5
Geo-79;2;3;1;1;1;5
Geo-8;2;3;1;1;1;5
Geo-80;1;2;1;1;1;5
Geo-82;2;2;1;1;1;5
Geo-83;1;2;1;1;1;5
Geo-84;1;2;1;1;1;5
Geo-85;2;2;1;1;1;5
Geo-86;1;2;1;1;1;5
Geo-87;2;2;1;1;1;5
Geo-88;1;2;1;1;1;5
Geo-89;2;3;1;1;1;5
Geo-9;3;4;1;1;1;5
Geo-90;1;2;1;1;1;5
Geo-91;2;3;1;1;1;5
Geo-92;2;3;1;1;1;5
Geo-93;2;2;1;1;1;5
Geo-94;1;2;1;1;1;5
Geo-95;2;3;1;1;1;5
Geo-96;1;2;1;1;1;5
Geo-97;1;2;1;1;1;5
Geo-98;1;2;1;1;1;5
Geo-99;1;2;1;1;1;5
